DateTime,TA,SRad,WS,RH,LAI,Rn,G,USTAR,LE,H,PA,SM
2008-01-01,-6.8858125,29.115333333333336,0.4062631578947369,89.56889583333333,0.15349739881723287,36.442808695652175,-4.172204979166667,0.09108666666666668,0.48525980208333336,-12.811450833333334,91.21041666666667,6.4091249999999995
2008-01-02,-13.3708125,23.845208333333332,1.0375925925925926,87.14210416666667,0.15160403030625844,7.750595000000001,-9.548382291666666,0.1232936842105263,3.3046494250000005,-22.162262291666668,90.80208333333333,5.974166666666666
2008-01-03,-5.18025,37.24254166666667,0.55475,70.6816875,0.15023523935047012,9.283185,-3.4027051458333335,0.1912377142857143,1.014717875,-19.530333458333335,90.16666666666667,5.9254999999999995
2008-01-04,2.7841875,39.111583333333336,1.966085106382979,59.5831875,0.14938380387390654,20.728,-1.0952487291666666,0.4070037209302325,14.61437375,-51.28752145833334,90.43829787234043,6.3060624999999995
2008-01-05,4.502416666666667,27.021333333333335,2.416340425531915,58.74066666666667,0.1490425018006056,32.137463,0.5256461041666667,0.36917222222222223,20.686758231875,-68.65848541666666,90.4276595744681,6.649395833333333
2008-01-06,3.49025,16.018020833333335,1.209142857142857,83.541,0.1492041110546057,42.1602724137931,0.7843737083333333,0.21508388888888888,11.991284479166666,-37.111025625,90.25208333333335,17.027416666666667
2008-01-07,1.2854791666666667,30.146583333333336,0.5058780487804878,97.07847916666667,0.14986140955994479,47.048647499999994,0.7931565625,0.1512562857142857,2.819547652083333,-18.048696125,90.88297872340425,18.639854166666666
2008-01-08,-2.5902083333333334,29.7133125,0.4054130434782609,87.43475000000001,0.15100717524066148,63.513639999999995,-7.22481525,0.0922335,0.490529330625,-11.251105270833333,91.39583333333333,15.334479166666666
2008-01-09,-0.7702708333333333,40.85847916666667,0.5526170212765957,71.9453125,0.15263418602079348,74.76195,-6.885205437500001,0.18317190476190476,3.4659562833333335,-13.716193541666668,91.06666666666666,9.350458333333334
2008-01-10,-2.5568958333333334,32.97564583333333,0.4523695652173913,80.70502083333334,0.15473521982437938,92.39954,-15.3412395,0.12692675675675677,1.2027265833333334,-12.048302708333333,91.16041666666666,8.874812499999999
2008-01-11,1.9516875,26.495145833333336,1.4914893617021276,65.5235,0.15730305457545715,79.347725,-5.253886520833333,0.30509764705882353,12.231667916666666,-54.05212041666667,90.50208333333335,8.504666666666667
2008-01-12,4.714645833333333,12.706125,1.6543714285714286,77.42370833333334,0.1603304681980652,25.05226,2.063827,0.26395799999999997,13.3820845625,-45.06552666666667,89.92083333333333,9.994895833333333
2008-01-13,-1.3284166666666668,33.89864583333333,0.3925,97.20502083333334,0.16381023861624147,28.402084,0.8679973541666667,0.08607166666666666,-0.5278308333333334,-14.639329166666668,90.72291666666666,11.314354166666666
2008-01-14,-1.3601458333333334,47.97775000000001,0.7248,98.074875,0.1677351437540245,,0.8251856666666667,0.11392933333333333,-0.6125642354166667,-15.099316833333333,90.50208333333335,12.483479166666667
2008-01-15,-0.47141666666666665,41.7339375,1.2112391304347825,87.81439583333334,0.1720979615354521,,0.28745258333333323,0.3081338888888889,1.3991354833333336,-23.203980625,90.32916666666667,13.397187500000001
2008-01-16,4.6843125,41.339687500000004,1.459,64.1395625,0.1768914698845628,22.218899999999998,-0.07489968749999999,0.3282452631578947,13.908508916666667,-43.70286541666667,89.47391304347826,13.397895833333335
2008-01-17,0.974125,32.948770833333334,0.46102272727272725,96.31397916666667,0.18210844672539456,41.04058,0.061430333333333385,0.07566,1.1286125416666668,-14.648345833333332,90.37708333333335,14.225666666666667
2008-01-18,1.5991458333333333,48.4005625,0.7070222222222222,93.87041666666666,0.1877416699819856,32.669304347826085,0.5083084791666667,0.15943285714285715,-0.7469137291666667,-16.087323125,91.04893617021277,15.368416666666667
2008-01-19,1.4045416666666668,50.0796875,0.7096511627906977,93.40127083333334,0.19378391757837446,20.54155714285714,-0.3659978541666667,0.25512266666666666,1.037027438125,-20.093654583333333,91.70212765957447,16.231729166666668
2008-01-20,-0.8047708333333333,46.1715,0.37731818181818183,86.11593749999999,0.20022796743859866,7.904573333333334,-4.9696541666666665,0.2695280487804878,-2.925118708333333,-23.633867499999997,91.76875,16.0165625
2008-01-21,-1.6025416666666665,29.10654166666667,0.4335,78.025125,0.20706659748669748,4.48444,-9.758805208333333,0.3196913888888889,-0.37087449999999994,-27.263408125,91.08125,11.204833333333333
2008-01-22,1.3567083333333334,19.6005625,1.5408222222222223,79.9655,0.21429258564670742,25.301465454545454,-0.31649560416666667,0.2861180952380953,5.413693062499999,-21.731325625,90.51914893617021,9.891416666666666
2008-01-23,-3.9282291666666667,54.13229166666667,0.9247391304347825,78.6163125,0.22189870984266874,11.7047,-7.077365729166666,0.13308638888888888,-1.7580333125,-17.408825833333335,92.07708333333333,10.284208333333334
2008-01-24,-1.5936875,59.95989583333333,0.49068181818181816,87.15147916666666,0.22987774799861785,23.805691666666664,-6.767445291666667,0.14893399999999998,-1.6960839791666666,-15.354080000000002,91.94791666666667,8.902270833333334
2008-01-25,0.35083333333333333,54.1048125,0.5971818181818181,90.73064583333333,0.23822247803859445,27.484360000000002,-2.5083802708333334,0.15929972222222222,0.1858646666666667,-13.295893083333333,92.52083333333333,9.192916666666667
2008-01-26,-2.8416041666666665,66.14364583333334,0.6002619047619048,71.21820833333334,0.24692567788663528,17.578276666666664,-10.530680208333333,0.19784,-1.760603041666667,-24.985325416666665,92.53958333333333,8.548
2008-01-27,3.386125,16.2823125,0.8931590909090908,64.40016666666666,0.25598012546677956,16.179449166666668,-1.2709838541666667,0.3721244186046511,7.006758625,-36.31173520833333,91.97708333333334,8.676416666666666
2008-01-28,3.0324166666666668,66.73927083333334,0.6049761904761904,79.33981250000001,0.26537859869972563,37.573258,0.9242560833333333,0.15817473684210526,4.607761083333333,-21.217342708333334,92.05208333333333,10.161083333333334
2008-01-29,0.3236666666666667,72.05460416666666,0.44667391304347825,80.324625,0.2751135227774721,66.44528222222222,-3.7243599583333338,0.1331391111111111,1.7584228125,-12.532389791666667,91.62708333333335,10.163354166666666
2008-01-30,1.2592708333333333,62.5719375,0.5497555555555556,79.37864583333334,0.2851741334446608,30.21066666666667,-3.1119824583333333,0.12185075000000001,3.1192905625,-14.938541145833334,91.05833333333334,9.431145833333334
2008-01-31,0.5441666666666666,55.789500000000004,0.8887659574468085,89.54075,0.2955470153630537,24.516121407407407,0.3486000833333333,0.11375052631578947,1.1703297458333333,-11.729940291666667,90.99583333333334,10.7211875
2008-02-01,0.7296874999999999,64.31502083333334,0.7130666666666667,78.43072916666667,0.30621857497644933,30.125802,-2.159136020833333,0.2200285714285714,3.4509314791666665,-20.212873958333333,89.98958333333333,10.6286875
2008-02-02,0.532625,36.336708333333334,1.6970652173913043,82.4400625,0.31717521872864135,31.812063125,-1.0874603333333333,0.21357210526315792,3.8747848125,-20.624596666666665,90.28333333333335,10.535395833333334
2008-02-03,-1.4475625,85.1084375,1.5974255319148936,73.40841666666667,0.3284033530634274,26.508125714285715,-4.366181604166667,0.30116099999999996,5.902212020833333,-23.41143,90.85416666666667,9.918354166666667
2008-02-04,5.34525,50.00685416666667,1.861568181818182,55.51372916666667,0.33988938442460187,24.999704285714284,-0.9562693958333334,0.2421318181818182,15.560202354166668,-46.770328125,90.02222222222223,9.806770833333333
2008-02-05,0.9784791666666667,74.48579166666666,1.0339090909090909,91.34272916666667,0.3516197192559617,40.29905714285714,0.12095956249999996,0.13732166666666668,1.1570525958333333,-11.712922083333334,91.17407407407407,11.134500000000001
2008-02-06,1.6682708333333334,55.467729166666665,0.8726595744680851,88.6565,0.3635807640013022,41.62461130434782,-0.1066644791666666,0.18473744186046512,3.0247237495833335,-18.941137083333334,91.33541666666667,12.133291666666667
2008-02-07,0.851625,56.24779166666667,1.1647872340425531,74.31416666666667,0.37575892510441905,20.654615999999997,0.004538791666666699,0.196993,6.279114635416668,-16.825643333333336,92.2468085106383,12.9765625
2008-02-08,-3.18225,96.98214583333333,0.641547619047619,72.17864583333333,0.38814060900910957,80.87904727272728,-9.47968875,0.11569294117647058,2.6855273125,-3.670129375,92.56458333333335,10.4835625
2008-02-09,-2.4530625,98.61460416666667,0.6545777777777778,69.53779166666666,0.4007122221591669,87.55631818181818,-10.572645625,0.13246179487179488,3.6889494375,-0.5712595833333334,92.24791666666665,8.525791666666667
2008-02-10,-2.4583958333333333,100.515,0.6870888888888889,72.61291666666666,0.41346017099839016,92.96677272727273,-9.336791666666667,0.11339083333333333,3.5764429583333333,-3.4429675,92.11458333333333,8.312833333333334
2008-02-11,-3.0141875000000002,107.64454166666667,0.5960444444444444,69.2718125,0.4263708619705719,91.31818181818181,-9.681439375,0.1107825,4.324488958333333,-1.9851565624999996,92.12291666666665,8.201437499999999
2008-02-12,-2.6354375,110.33289583333334,0.647625,66.32085416666666,0.4394307015195111,92.74713636363637,-8.613004791666667,0.0983295,4.100850666666667,-0.92056375,92.01041666666667,8.137916666666667
2008-02-13,-2.1550208333333334,113.4673125,0.5845555555555555,63.08179166666667,0.45262609608900134,98.92385454545455,-7.740003625,0.1069475,4.165416270833333,-2.08672875,92.10416666666667,8.102104166666667
2008-02-14,-1.9955208333333332,115.97568749999999,0.612111111111111,62.6474375,0.46594345212283983,99.43754166666668,-6.807509395833333,0.12498705882352941,4.655353854166667,-1.9656997916666665,92.04782608695652,8.112604166666667
2008-02-15,-3.184125,99.73899999999999,1.308822222222222,77.99452083333334,0.4793691760648216,84.85785,-5.468194083333334,0.162135,6.5518069375,-0.3150358333333333,91.88297872340425,8.194479166666666
2008-02-16,-3.3792708333333334,122.13527083333334,1.1111063829787233,64.98879166666667,0.492889674358743,90.05694666666666,-3.9107959374999997,0.121424,10.363995625,-0.47237750000000006,92.44583333333333,8.428854166666666
2008-02-17,-4.230520833333333,123.03579166666667,0.7370222222222224,64.2265625,0.5064913534484001,97.11408333333334,-8.746465958333333,0.11535441176470589,5.0942805416666666,-2.236256666666667,92.57083333333333,7.9895
2008-02-18,-2.4951875,130.09314583333335,0.6640869565217392,62.66929166666667,0.5201606197775877,113.90589999999999,-6.272725354166667,0.11465228571428572,4.243168020833333,-0.8328629166666667,92.06458333333335,7.978604166666667
2008-02-19,-1.1637916666666666,130.71591666666666,0.7261063829787234,63.700291666666665,0.533883879790104,120.57774714285715,-4.250694604166667,0.1149841935483871,5.441215687500001,-1.0236997708333333,91.44583333333333,8.150104166666667
2008-02-20,0.4701458333333333,114.35845833333333,0.5478888888888889,67.55047916666666,0.5476475399297412,124.5788857142857,-2.858620416666666,0.1286092682926829,4.111800895833333,-4.183117729166667,91.16041666666666,8.432708333333332
2008-02-21,2.9086041666666667,107.92252083333334,0.6926521739130436,67.10264583333334,0.5614380066402992,143.35338637499999,0.8693957083333334,0.1589247619047619,5.765106395833333,-6.965443541666667,91.44791666666667,9.295666666666667
2008-02-22,3.4712708333333335,90.32852083333334,0.4951304347826087,76.9818125,0.5752416863655704,154.4987282105263,0.9592642916666666,0.11547073170731707,4.55922725,-5.7063415625000005,91.71063829787234,10.231083333333332
2008-02-23,5.154520833333334,121.518375,0.753547619047619,76.39052083333333,0.5890449855493529,222.41795555555555,1.7683368541666669,0.1512425,7.651583229166666,-7.1242335416666664,91.80638297872339,11.258229166666666
2008-02-24,5.5010625,137.9085,0.7606521739130435,66.75227083333333,0.6028343106354418,313.94045,1.9307322916666667,0.12179119047619047,10.396467135416666,-6.147935,91.50208333333335,15.1434375
2008-02-25,4.8973125,129.35320833333333,0.8623478260869565,70.5606875,0.6165960680676331,244.22480625,3.1996175416666666,0.1427052380952381,17.030622052083334,-9.690503541666667,91.29375,23.1035625
2008-02-26,3.9890208333333335,139.04964583333333,0.6973111111111111,73.95120833333333,0.6303166642897227,291.69535,7.140441458333334,0.12376195121951218,18.1181368125,-2.2220189583333334,90.82916666666667,33.22295833333333
2008-02-27,5.203270833333334,114.62708333333335,1.0628636363636363,75.48735416666666,0.643982505745506,186.93512210526316,12.994210833333334,0.17383051282051282,18.633847916666667,-1.767060833333333,90.69148936170212,42.17491666666667
2008-02-28,3.9233541666666665,143.25645833333334,0.7041999999999999,77.42464583333333,0.6575799988787799,286.62280714285714,14.215876708333333,0.11531685714285714,19.671884537291668,2.9947191666666675,91.13541666666667,42.483041666666665
2008-02-29,5.998104166666667,66.5120625,0.7708888888888888,77.70916666666666,0.6710955501333388,116.757265,13.96661125,0.16620526315789474,10.857662,-11.456792291666666,90.88333333333333,43.49702083333333
2008-03-01,5.649249999999999,40.5360625,1.201,80.23547916666666,0.6845155659529805,56.191657535714285,12.248577500000001,0.3101146153846154,11.304994083333334,-21.455631041666667,89.70208333333333,45.55085416666666
2008-03-02,6.5250625,97.33052083333332,0.7235581395348837,76.49764583333334,0.6978264527814985,122.2669412,15.475321854166666,0.2700274285714286,15.183490729166666,-17.718331875,90.16041666666666,45.2160625
2008-03-03,6.323791666666666,145.9239375,1.5607727272727274,69.12847916666666,0.7110146170626909,207.47742952380955,15.540340854166667,0.22025424999999998,26.114656645833335,-2.759875416666667,90.0808510638298,39.544875
2008-03-04,-0.32787499999999997,45.125145833333335,1.7296041666666666,92.581,0.724066465240352,22.24896564102564,-5.319656291666667,0.16359447368421054,0.47398995833333335,-6.164417270833333,90.12708333333332,38.18695833333333
2008-03-05,-4.263083333333333,64.95989583333333,1.2016222222222221,85.90712500000001,0.7369684037582784,19.60111575757576,-0.2587298125,0.16723151515151513,1.5821309375,-9.438510416666666,91.00416666666666,36.3909375
2008-03-06,-6.876104166666667,145.05616666666666,0.6775116279069767,72.075375,0.7497068390602663,24.688838333333333,-0.13752024999999987,0.14297916666666666,3.5499198541666668,-2.4188395833333334,91.28888888888889,35.0468125
2008-03-07,-1.7547291666666667,114.94585416666666,0.35061363636363635,77.63320833333334,0.7622681775901102,35.50268153846154,-0.07979545833333328,0.13235702702702704,3.9632262604166666,0.03680866666666662,90.33125,34.2451875
2008-03-08,0.6596458333333334,81.81277083333333,0.6177391304347826,81.59966666666666,0.7746388434055665,54.50528470588235,-0.202116125,0.06801475,2.4292446291666665,-5.9964946875,90.16041666666666,34.15827083333333
2008-03-09,1.3525625000000001,160.634875,0.9355434782608695,77.60477083333333,0.7868106881798945,261.81450666666666,0.3587989166666667,0.1514328947368421,18.13481608125,-0.7555143750000001,89.87291666666665,34.987791666666666
2008-03-10,3.7594166666666666,121.33154166666667,1.0474,66.66833333333334,0.7988006958294325,210.6379038888889,6.518383,0.2820984848484849,26.42614172916667,-9.210391854166668,89.20833333333333,34.46483333333333
2008-03-11,4.393395833333334,162.99825,1.3375116279069768,75.77677083333333,0.8106378094294178,240.35395923076925,16.051060083333333,0.17076717948717948,32.602958854166666,12.800671875,89.1375,33.530458333333335
2008-03-12,5.0551458333333334,54.1308125,1.1104666666666667,88.76120833333333,0.8223512955767813,60.47794441860465,6.559690458333333,0.1920128947368421,8.466052291666667,-7.509942708333334,89.60208333333333,33.055145833333334
2008-03-13,3.8425625,169.34389583333333,1.6953333333333334,67.930375,0.8339704208684486,260.9575521052631,3.11764125,0.24607800000000002,44.44987750000001,9.650335833333335,90.50208333333335,30.245708333333337
2008-03-14,5.519416666666667,108.72325000000001,0.6755897435897436,77.95633333333333,0.8455244519013492,175.4075,10.1149615,0.14822375,20.310692291666665,0.6636937083333331,90.47291666666666,28.699541666666665
2008-03-15,6.31675,180.28995833333332,0.9720000000000001,74.10354166666666,0.8570426552724099,307.845875,6.7896656250000005,0.12845282051282053,29.968760833333334,9.279562708333334,90.28750000000001,27.793104166666666
2008-03-16,3.439125,33.888708333333334,0.9946222222222223,86.78158333333333,0.8685542975785587,51.14993448275862,-8.049861666666667,0.17194823529411765,8.324789375,-10.788269375,89.7375,28.081708333333335
2008-03-17,3.5788333333333333,87.76847916666667,1.4396136363636365,89.827375,0.8800886454167245,83.75938473684211,4.440532916666666,0.17837024390243902,13.766658125,3.6483054166666666,89.67291666666667,27.725333333333335
2008-03-18,-0.8785833333333334,71.95045833333333,1.910391304347826,81.23885416666667,0.8916749653838333,59.924385428571426,-12.571479791666667,0.2018563636363636,14.219731041666668,3.7588860416666665,89.96041666666667,27.540375
2008-03-19,-1.4275416666666667,184.00868749999998,1.0977173913043479,61.659083333333335,0.9033425240768153,289.21917055555554,-4.470096666666667,0.14890250000000002,29.651267875,23.351448020833335,90.13958333333333,26.968437499999997
2008-03-20,-1.5960416666666666,117.04570833333332,1.2377659574468085,63.6115,0.9151205880925958,152.24572952380953,-6.424838125,0.17199666666666666,19.982488166666666,15.316777291666666,90.19583333333333,26.598250000000004
2008-03-21,0.45870833333333333,78.11070833333333,0.8415238095238096,65.0468125,0.9270384240281048,83.94456413793102,-2.316214375,0.1534443243243243,12.5672410625,3.6619903541666665,88.32916666666667,26.356979166666665
2008-03-22,-0.22768749999999996,201.19983333333334,0.9945454545454545,68.39979166666667,0.9391252984802686,179.65959142857142,5.3766803125,0.17144511627906978,30.203457958333335,25.043020916666666,88.03333333333335,26.38852083333333
2008-03-23,-1.4003958333333333,71.336375,1.3194444444444444,83.66079166666667,0.9514104780460163,67.9276126060606,-5.933948916666666,0.1370831818181818,7.4303872916666664,11.505034770833333,88.51914893617021,26.18360416666667
2008-03-24,-2.6357500000000003,139.808625,2.0042708333333334,77.42352083333334,0.9639232293222749,142.7547209090909,-4.3137060625,0.19416155555555556,17.470387104166665,15.999450833333334,88.54583333333333,26.159854166666666
2008-03-25,-4.193666666666666,86.65047916666667,1.591125,80.47016666666667,0.9766928189059725,13.020834444444445,-8.569567625,0.1570853488372093,5.911091249999999,-0.05182729166666683,89.11458333333333,25.819041666666667
2008-03-26,0.1277291666666667,145.09583333333333,0.5577555555555556,76.97672916666666,0.9897485133940372,99.6980380952381,-4.070406875,0.10287644444444444,8.603209520833333,7.724546041666667,89.41041666666666,26.2191875
2008-03-27,2.1129583333333333,154.78860416666666,1.076974358974359,74.47,1.0031195793833962,157.42112903225808,7.462158124999999,0.11920722222222221,22.957151854166668,14.943030416666666,89.29024390243903,26.110541666666666
2008-03-28,3.3941458333333334,226.12729166666668,1.2668260869565218,82.90697916666666,1.016835283470979,224.99181764705884,11.915348541666667,0.12365342105263158,37.753131520833335,33.098420499999996,90.10208333333333,25.95958333333333
2008-03-29,4.441145833333334,199.01320833333332,1.0703777777777779,74.5590625,1.0309248922537104,264.43569130434787,5.437898958333334,0.16288166666666667,35.61392452083333,28.245127291666666,90.87291666666665,25.580583333333333
2008-03-30,7.2949375,230.92822916666668,2.2416808510638297,53.43566666666666,1.0454176723285236,328.6344222222222,5.06227,0.26640275,62.899619395833334,10.702799583333332,90.65416666666665,25.091416666666664
2008-03-31,8.438374999999999,203.06416666666667,1.9103333333333332,59.47904166666667,1.0603428902923395,253.81149666666667,8.7400079375,0.21374063829787232,42.826611625,22.216229666666667,90.51458333333333,24.491333333333333
2008-04-01,7.831604166666666,119.74927083333334,1.4059375,74.36425,1.0757298127420891,171.56252750000002,3.747893583333333,0.1615386956521739,21.56111208333333,16.223034375,91.09166666666665,24.107833333333332
2008-04-02,2.9813958333333335,50.217666666666666,1.1802127659574468,90.16602083333333,1.0916077062747036,53.981622,-9.435956729166668,0.22742477272727274,7.385978872916667,-0.11383854166666678,90.96249999999999,24.449791666666666
2008-04-03,1.751125,104.08654166666668,1.3126808510638297,90.35920833333334,1.1080058374871056,78.37270428571429,-1.8422414791666661,0.16231744680851062,12.831296979166666,8.304162291666666,90.95,25.453500000000002
2008-04-04,2.463645833333333,146.63829166666667,1.382075,86.24333333333334,1.1249534729762278,133.88409805555554,1.630723125,0.13672944444444443,20.720460875,22.219408958333332,91.31627906976745,25.341125
2008-04-05,3.5381875,246.43835416666664,1.2685714285714287,67.7605625,1.1424798793389928,347.24960684210527,5.549636041666667,0.13218972972972973,42.27703322916667,38.437040625,90.30000000000001,24.823166666666665
2008-04-06,0.9559791666666667,73.95135416666666,1.0106170212765957,91.37904166666668,1.1606143231723336,87.63994,-9.940952812499999,0.1426453488372093,4.840562458333333,2.807207083333333,89.18333333333334,25.220958333333332
2008-04-07,-0.8961458333333333,138.0366875,0.6685217391304348,86.29424999999999,1.179386071073172,34.11104996875,-10.212240458333333,0.12444095238095237,13.783676866666667,6.053861666666666,89.31891891891892,25.834979166666667
2008-04-08,0.8371875000000001,208.59147916666666,0.7659756097560976,80.57197916666667,1.1988243896384427,181.922981,3.4808777083333333,0.1900478947368421,28.342110583333334,1.5831172916666658,89.48958333333333,26.453625
2008-04-09,6.559,183.74858333333336,2.2847173913043477,68.79560416666666,1.2189585454650695,249.64527523809522,5.0033110416666675,0.2891347619047619,53.5413557875,-4.690894583333333,89.16041666666666,25.964416666666665
2008-04-10,8.640604166666668,216.20066666666665,2.003522727272727,65.6256875,1.2398178051499813,267.5836481818182,9.184930833333333,0.37050119047619046,58.05094739583333,-3.302701041666667,89.00666666666667,25.265645833333334
2008-04-11,9.8105625,186.12389583333334,1.9842195121951218,66.52916666666667,1.2614314352901044,206.873986,9.192476020833334,0.3837006666666667,62.877141875,-3.0901806874999997,89.05,24.712604166666665
2008-04-12,3.4119166666666665,83.43127083333333,1.7632127659574468,86.43120833333334,1.2838287024823696,64.50328022222222,-6.561576041666666,0.1758048888888889,15.4090254375,7.23893375,90.15416666666665,24.773791666666668
2008-04-13,4.529208333333333,229.84889583333333,0.9718888888888889,75.6311875,1.3070388733237035,294.71457619047624,5.474873541666667,0.14914285714285716,43.735236747916666,29.29707270833333,90.58333333333333,24.615750000000002
2008-04-14,5.221875,236.28129166666668,1.337586956521739,65.35970833333333,1.3310912144110316,229.69375714285712,1.7641768749999998,0.192975,50.41910120833333,19.242785416666667,90.33829787234042,24.235958333333333
2008-04-15,3.111083333333333,110.59635416666667,1.0568571428571427,87.44535416666668,1.3560149923412852,119.76772222222222,-2.3803153125,0.15803368421052633,15.024099229166666,10.18271,90.56875000000001,25.199479166666666
2008-04-16,2.9758333333333336,147.86235416666668,1.0378260869565217,81.04839583333333,1.3818394737113895,138.8965342857143,1.1435249999999997,0.13265947368421052,25.599943187500003,17.757544791666668,90.53191489361703,25.081083333333336
2008-04-17,5.895812500000001,275.4926666666667,2.0062608695652173,68.4815,1.4085934963562352,250.75344483870967,8.753059,0.22189878048780487,59.42847145833334,35.593368125,89.63404255319149,24.615145833333333
2008-04-18,10.0733125,183.13016666666667,2.1670000000000003,55.840270833333335,1.4362825955332308,233.46640636363637,5.973673125,0.3399186111111111,55.95491645833334,4.557710208333333,88.92083333333333,24.00675
2008-04-19,8.342979166666668,163.91316666666668,1.327936170212766,69.02347916666666,1.4648530870113117,214.54774285714285,2.3840383541666674,0.211232,40.95394666666667,5.257088125,89.10625,23.527208333333334
2008-04-20,8.752416666666667,278.56654166666664,1.5103695652173914,63.91445833333333,1.494235567390159,352.38721,9.155564333333333,0.2295405,75.24212854166667,19.853515833333333,89.6875,22.984770833333332
2008-04-21,9.784166666666666,96.405125,1.2990869565217391,68.541875,1.5243605284218444,108.41748,-1.048565166666667,0.27812375,21.544439166666667,-11.616489875,89.03541666666666,22.52625
2008-04-22,5.527104166666667,59.163333333333334,0.9290217391304347,92.08575,1.5551584618584307,61.06427574468085,-2.6343181458333333,0.11917558139534884,7.181890208333333,2.640080625,89.43478260869566,26.223645833333332
2008-04-23,6.857666666666667,129.10775,1.4332272727272726,90.22814583333333,1.5865598594519847,104.94226066666666,4.140943729166667,0.19472511627906977,22.968878125,15.693687500000001,90.69130434782609,25.828104166666666
2008-04-24,7.035416666666666,137.91110416666666,0.9612083333333333,84.71366666666667,1.6184952129545762,151.14837076923078,2.6900822916666667,0.15267977777777778,24.602774979166668,10.283253624999999,91.36666666666667,25.2311875
2008-04-25,6.498541666666667,115.55433333333333,1.6123125,87.6618125,1.6508950141182663,113.61510555555554,0.15088770833333334,0.19836833333333334,18.315638291666666,9.847626291666666,91.64791666666666,25.5280625
2008-04-26,6.886291666666666,216.60920833333333,1.1982083333333333,73.6778125,1.683689754695129,202.09630571428573,6.142604791666667,0.15397311111111112,56.47013003958333,26.644695416666664,91.74791666666665,25.223479166666667
2008-04-27,7.877666666666666,297.3124375,0.7353125,65.13020833333333,1.7168099264372216,377.95937142857144,8.157900625,0.1366987804878049,72.22081670833333,22.27245125,91.21458333333334,24.296166666666668
2008-04-28,10.885479166666668,248.97429166666666,1.0289130434782607,61.38108333333333,1.75018602109662,311.31045454545455,9.286651458333333,0.2403890243902439,76.90904028125,2.5778116666666664,90.28333333333335,23.482770833333333
2008-04-29,7.424395833333333,119.50816666666667,1.4269375,84.01372916666666,1.7837485304253813,138.52243142857142,-3.9345327500000002,0.18095586956521736,25.10142529166667,9.3699525,89.71458333333334,23.82422916666667
2008-04-30,8.234145833333333,292.78220833333336,2.0470625,67.57108333333333,1.8174279461755816,385.29833333333335,5.739252708333333,0.29114613636363634,86.81737458333333,14.028425624999999,89.61458333333333,23.553229166666668
2008-05-01,6.369875,147.8581875,0.9253636363636364,82.66087499999999,1.8511547600992817,143.4159326470588,0.07334604166666676,0.13747756097560976,27.6873855625,13.851640416666667,90.55531914893618,23.859166666666667
2008-05-02,8.512375,224.34716666666668,1.1434255319148936,68.59827083333333,1.8848594639485474,269.1597304347826,5.078833749999999,0.18482545454545454,65.5064872375,15.314760833333333,91.26875,23.476270833333334
2008-05-03,9.5449375,221.35372916666665,1.191276595744681,68.94891666666668,1.9184725494754489,267.25932727272726,3.9006391666666667,0.20010936170212765,62.42378481666666,7.171099791666666,91.41250000000001,22.936999999999998
2008-05-04,10.031541666666667,211.09191666666666,1.4779111111111112,73.22514583333333,1.9519245084320485,211.19419964285717,6.420077666666667,0.20848225,65.83631352916667,7.0873445833333335,91.17446808510638,22.457541666666668
2008-05-05,9.121395833333333,299.23391666666663,1.580586956521739,65.87047916666667,1.985145832570419,363.16488521739126,4.917245645833334,0.2004972093023256,86.50303991666668,26.533268333333336,91.28125,21.865624999999998
2008-05-06,8.976520833333334,313.6527291666667,1.5647291666666667,64.44631249999999,2.018067013642619,401.34764285714283,5.081080624999999,0.23268595238095238,89.30615054583332,25.252088958333335,91.28750000000001,21.148770833333334
2008-05-07,9.593541666666667,296.244125,1.1268723404255319,68.19752083333334,2.0506185434007245,381.82418095238097,4.13769375,0.16507702127659574,81.76883075833334,22.436581458333333,91.06458333333335,20.374041666666667
2008-05-08,10.804812499999999,313.6128333333333,1.1196521739130434,65.34083333333334,2.082730913596791,407.88216666666665,6.1001875,0.16928341463414634,93.90775343749999,21.355050416666668,90.84791666666666,19.55975
2008-05-09,11.6325625,311.0249375,0.8755869565217391,63.68208333333333,2.114334615982894,394.2700704545454,6.395155625,0.1569951219512195,99.1057056875,14.338155,90.70869565217392,18.681375
2008-05-10,12.3038125,280.8765,1.0967608695652173,61.89925,2.1453601423110955,322.5938125,4.509574166666666,0.1722528888888889,91.59649029166667,4.28903125,90.72291666666666,17.814666666666668
2008-05-11,11.159291666666666,290.94289583333335,1.128581395348837,64.3713125,2.1757379843334634,338.4933091666667,4.429586875,0.23865333333333333,91.29594744229166,11.201806458333335,90.79166666666667,16.932729166666665
2008-05-12,11.4583125,340.99487500000004,0.9603777777777778,58.400395833333334,2.205398633802066,396.31681208333333,5.0793929166666665,0.23958,98.2906014375,19.074007291666668,90.74166666666667,15.996229166666666
2008-05-13,11.940854166666666,308.83729166666666,0.8106808510638297,55.93379166666667,2.234272582468966,383.31224545454546,3.1348687499999994,0.1605145238095238,96.2873955,15.443468125,90.56875000000001,14.9158125
2008-05-14,12.207145833333334,216.84758333333335,0.810595744680851,58.47185416666667,2.2622903220862334,236.07000000000002,0.9629483333333333,0.15032333333333334,68.75427725,0.14059166666666623,90.53750000000001,14.081541666666666
2008-05-15,14.187916666666666,293.96597916666667,1.0021499999999999,54.86564583333333,2.289382344405931,342.6152434782609,7.379108541666667,0.18065085714285714,99.82452160416666,-0.07449874999999888,90.30434782608695,13.137333333333332
2008-05-16,15.203125,222.37541666666667,1.5665744680851066,59.899145833333336,2.3154791411801314,267.1056652173913,6.715113541666667,0.2412025581395349,83.1880175,-8.5582724375,90.16250000000001,12.025916666666667
2008-05-17,14.302,147.08145833333333,1.6831333333333334,59.8775,2.340511204160893,160.96892680000002,1.5118348333333333,0.3248388372093023,68.1963325,-27.445942916666667,89.96170212765956,11.112041666666668
2008-05-18,9.917125,92.3373125,0.9683958333333332,91.11212499999999,2.3644090251002914,99.86791891891892,-0.005870520833333448,0.14756630434782608,13.079401249999998,7.022227291666667,89.89583333333333,10.915083333333333
2008-05-19,10.176791666666666,137.4845625,0.9452727272727273,86.13458333333334,2.3871030957503843,115.72097534883721,2.5346634375000003,0.142315,27.841015,15.9127143125,90.01276595744682,12.917916666666668
2008-05-20,8.6870625,93.274625,1.408421052631579,89.68804166666666,2.408523907863245,79.79071377777778,-1.6134075416666667,0.17561694444444445,20.643531666666664,6.157095354166667,90.06521739130434,17.074770833333332
2008-05-21,8.352,135.92220833333332,1.2604468085106384,86.71152083333334,2.4286019531909364,135.16963783783785,1.6590904583333332,0.15757191489361702,26.3271274375,20.130901875,90.33404255319148,17.325791666666667
2008-05-22,10.007916666666667,173.06854166666665,1.2956666666666667,89.15679166666666,2.4472677234855253,155.3731152894737,3.9657356458333335,0.1757355319148936,34.938704375,27.055769666666666,90.44583333333334,17.59839583333333
2008-05-23,11.0538125,307.3707708333333,1.0179767441860466,77.43175000000001,2.4644517104990817,264.70118055555554,6.677935208333333,0.17186500000000002,86.34909291666666,40.142361666666666,90.45208333333333,20.93766666666667
2008-05-24,13.6428125,245.45595833333334,1.245521739130435,65.35214583333332,2.4800844059836673,288.9933832,4.877882083333334,0.25722227272727277,93.10024081249999,1.197557916666667,90.32608695652173,19.788270833333332
2008-05-25,15.856041666666668,219.579625,1.0837826086956521,62.996604166666664,2.494096301691352,255.793192,7.640450416666667,0.21629410256410259,84.37326833333333,-8.261252083333334,90.54893617021277,18.973312500000002
2008-05-26,15.136375,94.93104166666666,0.5230697674418605,75.00466666666667,2.5064178893741986,82.16942192307692,2.942411875,0.1512236111111111,30.381139375,-16.69976791666667,90.74444444444444,18.547645833333334
2008-05-27,18.726520833333336,288.17041666666665,1.531820512820513,54.375875,2.5169823146190184,381.87600869565216,9.919104604166668,0.3315954545454546,124.914075625,-23.466215208333335,90.65625,17.7639375
2008-05-28,21.758458333333333,258.7340208333333,1.9878333333333333,44.35658333333333,2.525774654074142,284.7546584,10.625721041666667,0.32321171428571427,119.94943583333333,-54.41074729166667,90.56041666666665,16.353708333333334
2008-05-29,21.249854166666665,257.3069375,1.916404761904762,45.92979166666667,2.5328551533379735,318.2732,8.557411041666667,0.415370243902439,125.02374375,-46.52000020833333,90.42978723404255,14.903374999999999
2008-05-30,15.724312500000002,146.67452083333333,1.5111428571428571,71.24775,2.538294543964246,167.43056992307692,1.2935677291666667,0.3030042105263158,52.40143020833333,-15.621394583333332,90.43958333333335,13.899520833333334
2008-05-31,15.7695625,222.31564583333332,1.0594893617021277,73.52725,2.54216356015317,207.48726285714287,6.815486104166666,0.18222046511627907,85.13963125,5.762629791666666,90.72500000000001,13.703354166666665
2008-06-01,16.693041666666666,252.34433333333334,1.1398510638297872,69.62489583333333,2.544532936104959,356.24298695652175,6.9432611458333335,0.16746260869565216,110.2487299375,2.918287916666667,90.84375,13.013916666666667
2008-06-02,17.824895833333333,229.05427083333333,0.8525238095238095,62.19941666666667,2.5454734060198283,295.09970880000003,5.196084791666666,0.213694,113.86223297916666,-19.126919375,90.54791666666667,11.902333333333333
2008-06-03,14.833416666666666,178.2441458333333,1.3017272727272728,78.57072916666667,2.545055704097987,178.3886677419355,3.8029191249999994,0.2295915,68.04307627083334,5.44845375,90.6,10.894
2008-06-04,13.064604166666667,85.96833333333332,0.6348863636363636,92.03477083333333,2.543350564539652,81.24751755319149,0.33124514583333337,0.12680763157894737,18.674858166666667,3.608971666666667,90.62708333333335,10.798041666666668
2008-06-05,13.9189375,120.72891666666665,0.7796904761904762,91.46979166666667,2.540428721545034,99.03046458333334,3.7677774375,0.13837315789473684,30.466291666666667,7.891810208333333,90.31136363636364,11.043645833333334
2008-06-06,13.51525,102.93829166666666,0.7153863636363637,93.90466666666667,2.536360909314347,94.54330833333334,1.7657663333333333,0.13399071428571427,20.5927726875,7.4192975,90.31458333333335,12.937166666666668
2008-06-07,12.534520833333334,112.970125,0.8325217391304348,91.597,2.531217862047803,106.04738368421053,1.02759775,0.14739522727272727,23.01432497916667,9.647631041666667,90.56875000000001,17.215333333333334
2008-06-08,12.566895833333334,153.07329166666668,0.6826190476190477,89.85204166666666,2.5250703139456174,148.81088823529413,2.2952640208333333,0.1451948717948718,35.08615966666667,13.959152708333333,90.89375,16.89175
2008-06-09,13.906895833333332,264.20014583333335,0.7944888888888889,78.05504166666667,2.517988999208001,328.0062325,4.8999184375,0.1667679487179487,76.9269890625,25.731815229166667,91.16956521739131,16.779229166666667
2008-06-10,14.518708333333334,166.59425,0.7443181818181818,82.86122916666666,2.510044652035169,163.01467432432432,7.1435539583333325,0.14698142857142857,55.18854297291667,24.160079375,91.25434782608696,16.649666666666665
2008-06-11,13.5636875,136.1715625,0.8879791666666667,87.32766666666667,2.5013080066273337,114.12690742857143,6.673849583333333,0.13815217391304346,31.7326424375,10.153302708333333,90.93333333333334,17.521020833333335
2008-06-12,12.787479166666666,156.31820833333333,0.9623191489361702,88.0075,2.491849797184706,108.25951680851064,6.273621666666666,0.1350617391304348,42.754546812499996,20.517283958333334,90.49574468085106,19.195958333333333
2008-06-13,9.369875,121.22464583333334,1.5933488372093023,85.83125,2.481740757907503,101.56841297297298,-7.485990145833334,0.21702425,31.481044597916664,12.54035375,90.52291666666667,21.4043125
2008-06-14,8.629854166666666,106.41560416666668,0.7010851063829787,77.701375,2.471051622995932,107.03485434782608,-3.383214583333333,0.12438350000000001,29.940082291666666,9.065797708333333,90.70208333333333,21.296958333333333
2008-06-15,9.628770833333332,182.69920833333333,1.1213617021276596,76.23970833333333,2.4598531266502137,132.73668942857142,4.27818125,0.1469986046511628,46.247750849999996,23.707152041666664,90.4375,21.03022916666667
2008-06-16,11.648770833333332,197.9549375,1.3923555555555556,81.01664583333333,2.4482160030705558,150.70131055555555,9.190519458333334,0.18868615384615386,50.85462591666666,22.702152916666666,90.18297872340426,21.033270833333333
2008-06-17,11.205895833333335,88.05339583333334,0.7102978723404255,94.11535416666668,2.436210986457172,99.81823931034482,0.3736053333333333,0.10861333333333333,17.450379229166668,7.756984166666666,90.46875,22.02914583333333
2008-06-18,13.371437499999999,190.75066666666666,1.0320851063829788,87.24535416666667,2.4239088110102758,226.97312000000002,11.8467843125,0.14692477272727272,40.0072325,26.126813541666667,90.89574468085107,22.733333333333334
2008-06-19,15.582416666666667,313.16627083333333,1.3641739130434782,74.4163125,2.4113802109300826,359.05894166666667,19.342861041666666,0.19189439024390245,79.75124164583333,30.904279791666667,90.96458333333334,21.77297916666667
2008-06-20,17.608979166666668,264.88558333333333,1.6126521739130435,74.51764583333333,2.398695920416802,280.0518161538461,16.255203916666666,0.2209386046511628,79.077783125,23.38875333333333,91.22916666666667,20.825083333333335
2008-06-21,19.394645833333332,327.6935833333333,1.4687083333333335,68.74458333333334,2.385926673670649,392.9792008333333,22.119694041666666,0.1982232558139535,106.60693131250001,20.617344270833332,91.33125,19.946354166666666
2008-06-22,21.266708333333334,300.3503958333333,0.8325625,66.82377083333334,2.3731432048918366,360.57732749999997,22.15961354166667,0.15555285714285713,93.5647366875,14.309955,91.25625000000001,19.042833333333334
2008-06-23,20.164354166666666,263.006375,1.2104000000000001,75.86445833333333,2.3604162482805777,233.96691828571429,14.165603124999999,0.1985986111111111,96.0827931875,1.9026289583333333,91.29583333333333,18.632749999999998
2008-06-24,18.860229166666667,233.67416666666668,1.0551739130434783,75.8364375,2.347816538037085,227.6561,8.480677916666666,0.14621926829268292,73.03867410416667,8.014474504166667,91.21063829787234,18.976625000000002
2008-06-25,21.3441875,290.72070833333333,1.2405714285714287,68.52391666666666,2.3354148083615724,372.09957391304346,16.680526875,0.2069557142857143,108.99966145833334,4.124282291666666,91.01702127659574,18.331145833333334
2008-06-26,17.725604166666667,147.617875,1.2348125,90.42641666666667,2.3232817934542527,129.45035162162162,1.3374242291666663,0.18700217391304347,42.236318125000004,10.259462708333333,91.28958333333333,20.3191875
2008-06-27,18.202208333333335,215.9999375,1.4002558139534884,80.77804166666667,2.3114882275153374,249.26321384615386,9.539050625,0.19966536585365854,63.69742083333333,13.549544374999998,91.21249999999999,24.047458333333335
2008-06-28,17.282687499999998,294.8541875,1.341,74.52024999999999,2.3001048447450407,363.88101,8.816932604166666,0.209688,97.2548557125,11.117255625,91.37916666666666,21.945395833333333
2008-06-29,19.3703125,327.3899166666667,1.5671777777777778,71.45533333333333,2.2892023793435774,317.31002532258066,12.584897916666668,0.22046928571428573,123.67647327916667,-0.21119416666666693,91.25,20.610645833333333
2008-06-30,17.526125,245.2825625,0.919093023255814,84.3345625,2.2788515655111587,193.217299,7.0356772916666666,0.1558085,70.63372229166667,17.17133541666667,91.34782608695652,22.236270833333332
2008-07-01,17.902,266.46841666666666,1.0620869565217392,79.0211875,2.2691231374479988,280.0035134137931,7.435865833333334,0.18429500000000001,92.83868652083333,7.421771041666667,91.13404255319149,21.597166666666666
2008-07-02,17.3535,236.62618750000001,1.2207608695652175,80.21300000000001,2.2600878293543096,239.388034,5.317012395833333,0.2016775,79.22128904166667,6.617349791666666,90.87291666666665,21.128395833333332
2008-07-03,18.568166666666666,238.21064583333336,1.841653846153846,72.22829166666666,2.2518163754303044,227.80091935483873,5.0191293749999994,0.2554455,98.83507025,-9.603668125,90.61153846153846,20.94547916666667
2008-07-04,14.165750000000001,114.95985416666667,1.4697708333333335,86.87427083333334,2.244379509876197,99.77915684210525,-4.855832625,0.188516,26.94531739583333,6.926474375000001,90.92291666666667,22.987604166666667
2008-07-05,15.0793125,294.75325,1.1073333333333333,78.09722916666666,2.237847966834843,364.10234782608694,5.798710604166666,0.19960499999999998,87.880931125,13.6218825,90.8875,22.125020833333334
2008-07-06,16.595291666666665,182.41852083333333,0.555923076923077,82.90929166666668,2.23228642281049,192.01662222222222,3.426466291666667,0.2509136111111111,55.566072354166664,3.140374375,90.575,21.157479166666665
2008-07-07,13.482104166666666,101.57889583333333,1.343404255319149,94.40060416666667,2.227704779860278,100.59676578947368,-3.2105685208333337,0.1762632608695652,14.858292916666668,8.480579375,90.47083333333335,23.041645833333334
2008-07-08,13.919541666666667,228.9731875,0.9117555555555554,83.58360416666666,2.224067411276508,203.63453783783783,5.321151708333333,0.1481360465116279,62.89962666666667,22.519441666666665,90.82291666666667,23.461375
2008-07-09,14.987875,333.074375,1.4046382978723404,74.4205625,2.221335629698784,402.4140320833333,7.033271458333334,0.2103462222222222,104.41720791666667,24.449703020833336,91.04375,22.163
2008-07-10,16.567,308.85925000000003,0.9542051282051282,71.27925,2.2194707477667004,383.61094782608694,6.221041666666667,0.1580929411764706,123.47362979166667,6.022485208333333,90.98809523809524,20.934437499999998
2008-07-11,18.908416666666668,279.38895833333333,0.9975106382978723,67.90302083333333,2.2184340781198615,337.031713,7.4511683333333325,0.21294432432432434,151.60134333333335,-2.7764256250000003,90.68124999999999,19.942604166666666
2008-07-12,16.684833333333334,218.26129166666666,1.49325,85.94333333333333,2.218186933397861,172.0675207,5.215015208333333,0.21446133333333334,71.82689708333334,13.751194374999999,90.56666666666666,20.0581875
2008-07-13,12.073854166666665,48.3855,0.7449148936170213,96.74014583333333,2.218690626240302,49.928225,-9.923289583333334,0.14706733333333333,7.890911041666667,0.30672250000000006,90.50416666666666,26.020750000000003
2008-07-14,10.336625,69.11345833333333,0.602325,93.39502083333333,2.219906469286781,75.58086486486486,-7.234082854166666,0.148714,17.435758333333336,2.807064791666667,91.19791666666667,28.208375
2008-07-15,13.253208333333333,307.499125,1.1915434782608696,77.31891666666667,2.2217957751768975,383.2786391304348,6.848397270833334,0.2042995238095238,111.7078910625,26.821094583333334,91.96041666666667,24.669583333333335
2008-07-16,15.666020833333334,320.16416666666663,1.073063829787234,73.65860416666666,2.224319856550252,391.2966086956522,6.7843962499999995,0.18791,152.19948395833333,13.192067541666667,91.38333333333333,23.16625
2008-07-17,13.650895833333335,90.37124999999999,0.9951702127659575,91.46470833333332,2.2274400260464433,82.85184135135135,-1.3761227499999997,0.16795068181818182,26.944869416666666,1.5588845624999996,90.82127659574469,23.14075
2008-07-18,13.444562499999998,154.9871875,0.8728444444444444,87.31904166666668,2.2311175963050696,178.79201785714284,1.54128325,0.15064181818181818,43.029191562499996,13.478919166666666,90.81875000000001,23.965374999999998
2008-07-19,16.608125,287.17670833333335,0.9708695652173912,75.9133125,2.23531387996573,341.19448958333334,9.357518708333334,0.1742646511627907,126.73998916666666,16.11096125,90.83125,23.0600625
2008-07-20,15.324770833333334,184.11075000000002,1.353304347826087,91.16297916666667,2.239990189668025,128.69929791666667,3.376519791666667,0.22049622222222223,58.434571874999996,19.039987291666666,90.76458333333333,24.477166666666665
2008-07-21,12.175312499999999,209.9103125,1.3860000000000001,83.94839583333334,2.2451078380515526,190.43328324324327,0.18157685416666655,0.1991582608695652,60.08412425,20.38240625,90.99600000000001,25.727416666666667
2008-07-22,10.364958333333334,152.3305,1.49875,81.39456249999999,2.250628137755912,149.40976173333334,-5.122846041666667,0.22619755555555557,43.63807658333334,9.249960604166667,,24.550104166666667
2008-07-23,10.546916666666666,121.22827083333334,1.100625,87.2104375,2.2565124014207023,135.02088519999998,-3.0451974791666667,0.16798954545454545,50.9706554375,9.855637708333335,,24.143083333333333
2008-07-24,13.291520833333335,257.26585416666666,1.2596818181818181,78.95608333333332,2.2627219416855247,335.24240909090906,4.61723,0.187492,119.415525,25.325029583333333,,23.358500000000003
2008-07-25,15.929375,295.17802083333333,1.3127173913043477,75.32697916666667,2.2692180711899743,361.44219999999996,7.207337791666667,0.20607341463414633,130.19436770833332,15.011340625,,22.243458333333333
2008-07-26,16.27,155.75883333333334,0.8640625000000001,84.943875,2.2759621025736547,146.0330746875,3.6873924166666665,0.1720947619047619,59.37440083333333,1.5971902083333334,,21.662166666666668
2008-07-27,17.627708333333334,228.5221875,0.8635416666666668,82.48697916666667,2.2829153484761595,262.297084,8.110923333333334,0.1663184090909091,90.70890520833332,14.6939475,,21.588145833333332
2008-07-28,17.077229166666665,158.73016666666666,0.663936170212766,83.70125,2.2900391215370925,160.60585814814814,3.0755527083333334,0.1798854761904762,57.1901875,2.274873541666667,,22.554166666666664
2008-07-29,18.000541666666667,247.1093125,0.9480222222222222,78.81602083333333,2.2972947343960506,231.170284375,7.1991386875,0.19121948717948717,116.28099479166667,8.811696458333333,,24.046333333333333
2008-07-30,17.329333333333334,224.84602083333334,1.3690208333333331,82.71335416666666,2.3046434996926353,235.60822428571427,4.856593270833334,0.18683357142857143,101.85032749999999,6.155464375,,24.886875
2008-07-31,18.021333333333335,266.2316666666667,0.8561578947368421,77.97397916666667,2.3120467300664442,346.4557363636364,6.479014145833333,0.15658384615384616,119.103138,12.575254166666666,,24.7993125
2008-08-01,17.327708333333334,149.87758333333332,0.8189285714285715,84.161375,2.3194657381570742,136.22508352941176,2.8336094375000003,0.15221,59.20211178916667,1.8605150000000001,,24.2138125
2008-08-02,17.738916666666665,235.8709375,1.0588510638297872,85.15237499999999,2.326861836604128,216.07777787878788,8.395792854166666,0.16684795454545454,92.40975095833333,17.612639791666666,,25.447125
2008-08-03,18.6900625,303.2658125,1.3284255319148937,81.58954166666668,2.334196338047202,390.9762608695652,9.572882791666666,0.21453204545454546,151.54832514583333,22.168718541666667,,23.7325
2008-08-04,17.49875,128.83210416666665,0.6577500000000001,85.99208333333333,2.3414305551258967,147.2099695652174,1.7842314583333334,0.13985037037037037,51.050299563125,-4.189767291666667,,23.061354166666664
2008-08-05,16.1214375,134.7559375,1.1126153846153846,89.94836458333333,2.348525800479812,166.90016769230772,5.627721229166667,0.1469596,35.7857676875,7.9656079166666665,,22.902979166666668
2008-08-06,19.069625,260.4406666666667,1.3310465116279069,76.072625,2.3554433867485454,318.3639841666667,9.416197916666667,0.1900595,109.2023325,12.599330416666668,,22.234354166666666
2008-08-07,18.582916666666666,254.96541666666667,0.8869565217391304,74.25329166666667,2.3621446265716974,247.72579580645163,4.785554208333333,0.1765160465116279,106.47794785416666,17.089425,,21.57075
2008-08-08,14.763375000000002,158.31364583333334,1.1293617021276596,90.64933333333333,2.368590832588865,118.41051644444445,-2.3500824999999996,0.21043978260869564,58.95657229166667,13.896887,,25.06939583333333
2008-08-09,13.096583333333333,145.92327083333333,0.9577083333333333,86.7105625,2.37474331743965,130.58823999999998,-3.07880825,0.18408525,57.533725000000004,13.440332083333333,,26.250708333333336
2008-08-10,14.604999999999999,277.3869583333333,1.1078837209302326,77.12581250000001,2.3805633937636506,364.30251904761906,1.9452689583333334,0.17069307692307692,93.24228916666668,50.91624354166667,,24.932458333333333
2008-08-11,18.658125000000002,262.6746875,1.293568181818182,64.935875,2.3860123742004653,347.091,16.333588125000002,0.20843135135135135,111.07857833333333,20.105025833333332,,24.07529166666667
2008-08-12,19.15641666666667,217.97579166666665,2.9129574468085107,61.59710416666667,2.3910515713896925,286.81522727272727,8.269794375,0.396243,115.19397291666667,-12.182860291666666,,23.392062499999998
2008-08-13,14.880645833333332,110.80397916666668,1.4825744680851063,80.82327083333332,2.3956422979709315,142.5187472,2.8259839583333335,0.17290652173913043,30.921823979166664,11.459954166666668,,23.050395833333337
2008-08-14,17.450875,239.30297916666666,1.2923617021276597,76.66379166666667,2.399745881480214,286.19652739130436,17.325442499999998,0.1707108695652174,69.4161316875,27.915729166666665,,22.648875
2008-08-15,12.856479166666666,38.9160625,0.8230666666666666,95.12722916666667,2.403328239681557,35.93505025641026,-11.975370833333335,0.14577675,10.251158333333334,-0.2270583333333334,,26.716291666666667
2008-08-16,10.196979166666667,131.51741666666666,0.9907179487179487,86.506875,2.4063765451101937,103.56220628571428,-3.8755316875000005,0.17855973684210524,32.27283229166667,13.038609791666666,,26.754375
2008-08-17,12.248375000000001,231.34695833333333,1.5505,78.02629166666667,2.4088880843681877,256.22012222222224,9.027627229166667,0.22582382352941177,75.51512541666666,20.629966666666668,,25.396958333333334
2008-08-18,14.6821875,260.9487708333333,0.9170416666666666,77.22608333333334,2.4108604176654778,269.91170714285715,12.726004166666668,0.145175,94.81886958333332,22.663715208333333,,24.669854166666667
2008-08-19,17.272291666666668,249.56802083333332,1.0062708333333334,69.55679166666667,2.4122911052119975,330.20741904761906,11.770342708333333,0.19188105263157895,86.4058625,12.470868979166667,,23.733583333333332
2008-08-20,14.65225,94.17279166666667,1.2999772727272727,87.08852083333333,2.413177707217685,103.8881815151515,-0.10580970833333336,0.17161333333333334,29.091160333333335,4.146119583333333,,26.139145833333334
2008-08-21,16.73025,250.00458333333333,1.0182391304347826,81.00319791666666,2.413517783892472,300.74684086956523,13.168743333333333,0.13301613636363638,81.59788645833333,19.3828,90.86588235294118,26.8925625
2008-08-22,19.541083333333333,237.4995,1.1295652173913044,68.90671875,2.413308895446296,318.2229619047619,10.699389791666666,0.22810486486486486,92.6122539375,9.026461333333334,90.506875,25.985229166666667
2008-08-23,12.3244375,65.46472916666666,1.1557708333333332,89.29014583333333,2.412548602089092,51.58516770833333,-10.470046583333334,0.17057377777777777,20.492865,3.09260875,90.45375,27.3475
2008-08-24,12.172208333333332,285.18091666666663,1.0429565217391303,79.030125,2.4112344640307954,317.80612,6.4829083333333335,0.15957926829268293,83.70103229166666,19.459837083333333,90.596875,28.34720833333333
2008-08-25,13.4116875,205.33391666666668,1.10115,79.80247916666667,2.4093640414813438,270.9913181818182,4.053709791666667,0.18695236842105264,64.32719166666666,13.380351458333331,90.85382978723405,27.20022916666667
2008-08-26,16.237041666666666,263.7118125,1.1557441860465116,76.1003125,2.4069348946506723,312.41419,10.984714291666668,0.17605894736842106,91.08966787499999,12.445038354166668,91.26720930232558,26.369604166666665
2008-08-27,16.827625,261.5360625,1.2720416666666667,76.42245833333332,2.4039445837487112,341.884380952381,8.293557708333333,0.16510630434782608,105.48432041666666,6.426005833333334,91.20083333333334,25.559875
2008-08-28,16.494541666666667,254.07056250000002,1.2774666666666665,77.3878125,2.400390668985403,319.3996790909091,6.363959458333333,0.17491581395348837,95.74906937499999,3.569999791666667,91.03319148936171,24.87308333333333
2008-08-29,16.218500000000002,221.3053125,1.1064130434782609,78.15839583333333,2.3962707105706795,288.147795,3.387401958333333,0.15424857142857143,82.26457166666667,0.28908625000000016,90.94395833333334,24.257125000000002
2008-08-30,17.12075,245.05999999999997,1.0938478260869566,77.39358333333332,2.3915822687144788,324.5661715,7.8757158333333335,0.16321731707317072,94.73640074375,4.215531875,90.91104166666666,23.6543125
2008-08-31,16.492875,197.62725,0.9725957446808511,81.31333333333333,2.3863229036267306,182.6527721875,2.4862554166666664,0.18254219512195122,88.2371296875,-2.948911583333334,90.80895833333334,23.631395833333332
2008-09-01,15.441666666666668,128.489375,1.0673658536585366,90.545125,2.3804901755173775,108.96727837837838,2.3889108958333334,0.16301055555555555,42.86606229166667,1.3582006250000003,90.88208333333334,24.91825
2008-09-02,16.612916666666667,215.47222916666666,1.034,80.55127083333333,2.374081644596355,258.3093895652174,7.382039375000001,0.1348345945945946,80.13283758333334,5.451555208333333,90.58875,25.066770833333333
2008-09-03,17.5475,219.03360416666666,1.1594772727272726,68.72393749999999,2.367094871073592,295.645068,4.0562343541666666,0.2210625806451613,95.538595875,-11.387216458333333,90.24604166666667,24.389
2008-09-04,17.36404166666667,138.4620625,1.0190625,72.11158333333333,2.35952741515903,148.70606692,2.567951041666667,0.22419948717948715,72.40512666666667,-17.60637541666667,90.10604166666667,23.805125
2008-09-05,18.993229166666666,205.1774375,1.8891086956521739,58.69502083333333,2.351376837062601,274.2133445714286,5.719609041666666,0.3117074193548387,113.73223791666668,-28.25497125,90.13553191489362,23.090500000000002
2008-09-06,20.576958333333334,156.16627083333333,1.3053958333333333,55.88622916666666,2.3426406969942417,184.3753140909091,5.453210833333333,0.29223676470588233,113.41759875000001,-41.74885375,90.05229166666668,22.28152083333333
2008-09-07,12.540583333333332,35.539520833333334,1.0178478260869566,90.92727083333334,2.3333165551638864,47.87275833333334,-8.634718604166666,0.17654279069767442,11.044722958333333,-6.520306791666667,90.45020833333332,27.233666666666664
2008-09-08,12.760270833333335,244.23485416666665,1.1367954545454546,82.5414375,2.323401971781476,273.8970708333333,2.4868225416666667,0.15901400000000002,77.05968233333333,21.644883124999996,90.88020833333333,29.1135625
2008-09-09,13.332354166666667,223.0584375,0.6146170212765958,80.14854166666667,2.3128945070569387,313.00933888888886,-0.7870804583333335,0.1549409756097561,72.08616333333333,13.1386442,91.02895833333334,27.478041666666666
2008-09-10,14.8230625,134.76277083333335,0.6156818181818182,85.65604166666667,2.3017917212002152,153.86685466666668,1.8846448125000004,0.16310864864864866,46.597372729166665,1.2845987499999998,91.06872340425532,28.295312499999998
2008-09-11,16.140708333333333,176.10870833333334,0.6186956521739131,85.84227083333333,2.2900911744212378,171.28860592592594,5.095670208333334,0.15391690476190475,54.669739291666666,5.23358125,90.564375,31.927083333333332
2008-09-12,14.258833333333333,70.25812499999999,0.7082325581395349,95.61329166666667,2.2777904269299456,74.19820878787878,0.17636254166666662,0.15831575,15.239974375000001,-1.2864098124999999,90.19708333333334,32.839708333333334
2008-09-13,12.675895833333334,43.920375,1.055,96.72645833333333,2.26488703893627,45.30668029411765,-2.51482775,0.14261953488372095,10.164183333333334,0.33620458333333353,90.06625000000001,33.732145833333334
2008-09-14,6.62625,23.101520833333336,1.3889166666666668,98.35370833333333,2.25137857065015,26.466756521739132,-14.731585416666666,0.16737354166666665,5.537098958333334,2.9727777083333335,90.45208333333333,37.613395833333335
2008-09-15,5.001125,43.2321875,1.5459791666666665,94.388125,2.237262582281519,40.43882939393939,-11.299691875,0.18325425531914893,9.457688541666666,5.602812916666667,90.61375,33.058166666666665
2008-09-16,6.009583333333333,144.79514583333335,1.4542340425531917,86.07902083333333,2.2225366340403125,194.17313289999998,-4.423963124999999,0.17818152173913046,35.07478416666667,19.322523541666666,90.73,31.885791666666666
2008-09-17,5.910520833333333,207.78816666666668,0.9322499999999999,84.39170833333334,2.2071982861364696,284.7418,-6.37847125,0.12988222222222223,48.171453500000005,28.878553541666665,90.84583333333335,30.877416666666665
2008-09-18,8.302125,177.10135416666665,0.8281063829787234,81.56408333333333,2.1912450987799192,255.8546125,-0.024661458333333403,0.14959486486486487,44.71742895833333,20.30508118125,90.98125,30.133
2008-09-19,9.797770833333333,124.65802083333334,1.1586041666666667,83.717,2.1746746321806043,151.87008105263158,-1.0879387500000002,0.17504,35.529646666666665,3.9052941666666663,91.0225,29.606624999999998
2008-09-20,8.193895833333334,207.20104166666667,1.3793829787234044,79.45389583333333,2.157484446548453,255.48492900000002,-0.4186637499999996,0.1842504255319149,50.001797708333335,24.147800747916666,91.35020833333334,29.069520833333332
2008-09-21,5.672541666666667,67.15724999999999,0.9322391304347827,82.5186875,2.139672102093408,78.3411655,-8.982301083333333,0.1398346511627907,14.895637708333334,3.463293333333333,90.966875,28.664749999999998
2008-09-22,6.151229166666667,96.14302083333332,0.8057500000000001,81.64456249999999,2.1212351590254004,100.36266045454545,-6.364802999999999,0.13066853658536584,23.00686178125,4.323116041666666,90.56489361702128,28.526395833333336
2008-09-23,7.4944375,142.37802083333332,1.0750681818181818,81.9789375,2.1021712517423206,136.57563444444446,-0.7986615208333333,0.15607341463414634,40.6228071875,14.942190208333335,90.4525,28.2685625
2008-09-24,7.34725,169.3188125,1.3022391304347827,80.93641666666666,2.082482046646792,238.69928294117648,-2.723662708333333,0.16806822222222223,41.17178545833333,13.774168750000001,90.71395833333334,27.899604166666666
2008-09-25,6.9096875,49.386208333333336,0.7817446808510637,89.52460416666666,2.0621794567872294,57.14481153846154,-4.51179075,0.10977466666666667,9.495081458333333,2.7504272916666666,91.186875,27.739208333333334
2008-09-26,7.390999999999999,96.47075000000001,0.6502291666666666,84.61510416666667,2.0412781150727577,95.52991617647059,-1.5821362500000002,0.12442739130434782,25.433795208333333,7.707531875,91.62708333333335,28.28560416666667
2008-09-27,6.344083333333334,135.76987499999998,1.0185217391304346,81.40175,2.0197926725540962,154.08262631578947,-4.697944541666667,0.16195073170731708,30.922756683541667,12.571812708333333,91.58458333333334,28.082416666666663
2008-09-28,5.654958333333333,178.50410416666668,0.8547446808510639,82.02947916666666,1.9977377802819734,258.12670625,-7.323475145833334,0.1560146511627907,31.52787471041667,26.575986041666667,91.26583333333333,27.718833333333333
2008-09-29,7.0365,170.93718750000002,0.833608695652174,80.687625,1.975128089307107,254.3852625,-3.747938416666667,0.1492697619047619,34.71569235416667,19.399013333333333,90.77104166666668,27.341437499999998
2008-09-30,9.784270833333332,123.45795833333334,0.7953863636363636,81.16460416666666,1.9519782506802257,155.29691666666668,2.956938125,0.16613636363636364,27.743836187499998,9.90721125,90.32125,27.128229166666667
2008-10-01,10.843562499999999,152.8044375,0.903047619047619,79.79466666666666,1.9283029154520497,187.2629161904762,2.41556625,0.19212828571428572,36.43052041666667,15.111575833333333,89.93282608695652,26.678833333333333
2008-10-02,9.123979166666667,92.00691666666667,1.164191489361702,85.17764583333333,1.9041167346733066,113.29861682608696,0.08088902083333327,0.16208934782608694,22.061700625,5.250019791666667,89.79395833333332,26.281604166666668
2008-10-03,2.0610208333333335,18.47,0.4544333333333333,98.409875,1.8794343593947138,25.583381250000002,-30.38699166666667,0.1102056,-0.10040922291666665,-5.415416041666667,89.95820512820512,34.34772916666667
2008-10-04,3.2831041666666665,80.91125000000001,0.835911111111111,91.77141666666667,1.8542704406669996,85.60358181818182,-5.0559919375,0.15079578947368422,11.4248074375,5.691208458333333,90.53333333333335,33.85941666666667
2008-10-05,3.7723333333333335,167.48347916666668,1.126608695652174,84.51839583333333,1.8286396295408864,248.70156475,-4.06290625,0.10629794117647058,23.1425015625,16.564607499999997,90.63687499999999,31.751416666666668
2008-10-06,8.9271875,144.5213125,0.7662954545454546,77.71614583333333,1.8025565770670944,228.65097333333333,8.123504875,0.15301194444444444,28.261874779166664,10.305213541666665,90.7675,30.913687499999998
2008-10-07,10.283958333333333,143.69029166666667,0.8391304347826087,81.37270833333334,1.7760359342963543,181.2642252631579,6.509992083333334,0.1628495652173913,28.109360758333334,9.278955833333333,90.83125,30.298541666666665
2008-10-08,9.549625,123.96775000000001,0.6259534883720931,84.00447916666667,1.7490923522793818,170.5314375,0.2171531250000002,0.14759846153846154,25.741664541666665,5.740248125,90.72375,29.860791666666668
2008-10-09,9.217729166666667,148.48581249999998,0.6767173913043478,86.28489583333334,1.7217404820669078,257.4067664285714,2.2097056250000002,0.13129066666666667,29.450241458333334,11.712395,91.56541666666668,29.416875
2008-10-10,9.476041666666667,137.314625,0.5977608695652173,86.53829166666667,1.693994974709648,226.02847142857144,-0.23634500000000047,0.1532025,23.811236229166667,8.527625625,92.135625,28.975583333333333
2008-10-11,9.060125000000001,143.63145833333334,0.5467826086956522,82.726625,1.6658704812583347,214.83067133333333,-1.5688239583333339,0.10353558139534882,28.696358833333335,9.830013604166668,92.07687499999999,28.604645833333333
2008-10-12,8.843729166666668,142.49402083333334,0.6004222222222222,79.10316666666667,1.6373816527636844,234.2764857142857,-2.9760697916666667,0.14799883720930232,25.601701229166668,6.133199375,91.90458333333333,28.3468125
2008-10-13,10.679979166666667,114.86297916666666,0.5003191489361702,79.40433333333333,1.6085431402764228,134.82617476190475,6.086952541666666,0.13554844444444444,23.8434054375,8.2682475,91.42,28.1358125
2008-10-14,12.083645833333334,106.585875,0.6866888888888889,88.09137500000001,1.579369594847274,125.15690869565218,5.6280643125,0.19066146341463414,19.021927041666668,1.9222530208333337,91.19354166666666,27.947333333333333
2008-10-15,11.530875,89.28525,0.5748333333333333,89.4023125,1.549875667526959,105.82139523809523,1.543632083333333,0.1394389189189189,13.307173035416668,-0.4516032291666669,90.98234042553192,27.876666666666665
2008-10-16,10.8868125,54.19104166666667,0.5629111111111111,87.5596875,1.5200760093662056,52.17859769230769,-0.7579797291666664,0.16414219512195122,7.917482083333333,-6.493155416666667,90.36708333333333,27.831979166666667
2008-10-17,6.228229166666666,110.83916666666666,1.3744468085106383,84.67762499999999,1.4899852714157351,106.88484827586207,-7.951285416666667,0.16232434782608696,18.950318970833333,10.790121666666666,90.73958333333333,28.317562499999998
2008-10-18,5.980250000000001,130.96152083333334,0.5822826086956522,83.93427083333333,1.4596181047262724,210.6258,-8.904285666666667,0.09144615384615384,19.92444883125,11.962551666666668,90.856875,28.260916666666663
2008-10-19,5.5975624999999996,125.38620833333334,0.5188085106382979,86.154,1.4289891603485374,201.10618571428571,-10.006946458333333,0.14103102564102565,19.150320833333335,8.258895,91.26791666666666,28.083770833333332
2008-10-20,5.489520833333334,127.67520833333333,0.4870731707317073,85.10922916666667,1.3981130893332574,206.95152857142855,-8.545358333333334,0.1118385294117647,19.7292874875,9.506438125,91.19,27.948999999999998
2008-10-21,7.197416666666666,120.49537500000001,0.5713488372093024,80.84672916666666,1.3670045427311535,197.4514007142857,-3.3475816666666667,0.13922051282051282,19.712291870833333,5.088785000000001,90.6955319148936,27.816
2008-10-22,9.133958333333334,114.68822916666666,0.2728333333333333,81.3851875,1.3356781715929509,159.82915125,1.746514354166667,0.12509363636363638,19.431914872916668,5.160731291666667,90.54083333333334,27.7720625
2008-10-23,6.0300208333333325,59.6890625,,85.74816666666668,1.3041486269693718,77.66868571428571,-3.5607077916666667,,6.7489565125,0.9672998333333335,,27.893124999999998
2008-10-24,6.808125,112.04064583333333,0.331125,88.48147916666666,1.272430559911141,192.72227692307692,-4.253926041666666,0.12682533333333332,18.784303958333332,7.788655208333334,91.4135294117647,27.790499999999998
2008-10-25,7.044270833333333,90.69022916666667,0.7925531914893617,93.5201875,1.2405386214689822,119.8442175,-4.662598125,0.11708044444444445,11.125206972916667,8.281150416666668,91.830625,27.6671875
2008-10-26,5.107375,112.35454166666666,0.4881521739130435,86.33472916666666,1.208487462693614,208.1398,-10.561939583333332,0.10854675,16.748145114583334,5.5967216041666665,91.42708333333333,27.628937500000003
2008-10-27,7.913875,56.4990625,0.4873255813953489,82.46345833333334,1.1762917346357704,79.78208666666666,-1.0352377916666666,0.19253261904761906,12.244990208333334,-16.146336875,90.17333333333333,27.6291875
2008-10-28,7.811916666666666,38.4714375,0.8311777777777778,91.10300000000001,1.143966088346164,41.68220037037037,0.12405437500000005,0.14106976744186045,7.114193583333333,-5.097438333333334,89.6825,27.68552083333333
2008-10-29,4.4480625,25.07239583333333,0.7669777777777779,97.36075,1.1115251748755253,31.085529166666664,-10.981591979166666,0.10022146341463414,2.2998996958333335,-0.7474556250000001,89.15729166666667,35.42416666666667
2008-10-30,3.2685833333333334,41.50425,0.926953488372093,94.4241875,1.0789836452745742,46.133475,-11.949878125,0.18863,5.335597520833333,-1.820510208333333,88.61291666666666,37.98052083333334
2008-10-31,7.1749583333333335,62.210145833333335,1.662977272727273,75.8579375,1.0463561505940349,95.33628,-2.86513,0.3928203125,25.61279502083333,-23.415255291666668,89.57395833333334,33.520375
2008-11-01,9.1515,93.96002083333333,0.883,79.94714583333334,1.0136573418846317,181.45205454545456,0.13401958333333322,0.2122954761904762,15.778048520833332,-7.577057145833333,89.82958333333333,32.240541666666665
2008-11-02,8.7223125,73.8050625,0.9958913043478261,77.89864583333333,0.9809022442239367,94.30028142857144,-2.5618147916666665,0.21711425,19.847091608333333,-21.95163375,90.52333333333333,31.084166666666665
2008-11-03,12.837479166666666,64.9694375,2.3270666666666666,55.805499999999995,0.9481132017629161,79.49834750000001,0.3806659791666665,0.36238294117647063,38.87232541666666,-49.058690625,90.39354166666668,30.964229166666666
2008-11-04,10.943375000000001,51.3345,1.318175,74.927875,0.9153231528334835,52.27064074074074,1.4015168541666665,0.325295,33.5115326875,-35.79328270833333,90.53916666666667,31.637416666666667
2008-11-05,10.863979166666667,36.84372916666667,2.316861111111111,60.75395833333334,0.8825665136398461,50.68302875,-9.109860395833334,0.40638166666666664,31.770105104166664,-46.96483125,90.36510638297872,32.61804166666666
2008-11-06,6.4891041666666665,75.52547916666667,0.82925,74.2473125,0.8498777007591911,153.255701,-9.615206458333333,0.2175971794871795,10.730736375,-13.694722916666665,90.43,32.03189583333333
2008-11-07,4.0290625,54.24427083333333,0.6013695652173913,86.41804166666667,0.817291130768718,58.137725333333336,-11.276943541666668,0.15831295454545455,3.7670983125,-11.918422083333333,90.50416666666666,31.883208333333332
2008-11-08,4.8773124999999995,51.04477083333333,0.47606521739130436,88.17514583333333,0.784841220245614,73.20502384615385,-5.795868124999999,0.10153435897435897,4.930685160416666,-4.509331041666667,91.02979166666667,31.69775
2008-11-09,3.573395833333333,72.341375,0.6926363636363636,81.68325,0.7525623857670772,145.47993333333335,-13.773285208333334,0.12540128205128204,6.872429770833333,-7.450069375000001,91.45770833333334,31.57647916666667
2008-11-10,3.337666666666667,68.90089583333334,0.3976590909090909,82.53158333333333,0.7204890439102978,123.17926299999999,-12.7639834375,0.14090317073170733,6.034572104166667,-7.195502708333334,91.40604166666667,31.563270833333334
2008-11-11,3.9508125,65.34016666666666,0.6053863636363637,79.6456875,0.688655611252469,128.7205,-9.97207375,0.12923475,6.724296458333334,-9.885779583333333,90.778125,31.4275
2008-11-12,2.938333333333333,14.036187499999999,0.6497659574468084,94.47254166666666,0.6570965043707858,26.277653125,-6.899183000000001,0.12067121951219512,0.637693125,-6.689167708333334,90.66333333333334,31.891625
2008-11-13,1.1024166666666666,29.58802083333333,0.17586363636363636,98.25122916666668,0.6258461398424384,38.839825,-13.359972291666667,0.04839315789473684,1.0367589375,-5.212486875,90.981875,34.53577083333334
2008-11-14,2.0580416666666665,49.18725,0.5434444444444445,95.6080625,0.594938934244624,55.39911885185185,-0.6259581041666666,0.05991972222222222,3.0743926854166665,-3.385957916666667,91.40854166666666,34.191270833333334
2008-11-15,1.5269375,74.52804166666667,0.7400217391304347,92.9663125,0.5644093041545307,109.82506428571428,-7.806890416666666,0.09511609756097561,6.084696760416667,5.438141458333333,91.59729166666666,33.210458333333335
2008-11-16,0.9695625,63.881875,0.5643829787234043,96.13345833333334,0.5342916661493572,165.67875,-13.748934791666665,0.1694060975609756,4.195623458333333,-3.627545833333333,91.48833333333333,32.83614583333333
2008-11-17,2.525729166666667,43.41170833333334,1.1304736842105263,92.80927083333334,0.5046204368062915,48.0684125,-3.7996195833333335,0.17321642857142858,5.8973361395833335,-3.2451014583333335,91.40791666666667,33.200291666666665
2008-11-18,-0.5547916666666667,43.258541666666666,0.7936315789473684,88.989125,0.47543003270253087,69.12825923076923,-13.636755,0.10136897435897435,5.8357471875,-2.8881431250000005,90.52958333333333,32.90629166666667
2008-11-19,0.835125,55.427875,0.6188518518518519,85.20404166666667,0.4467548704152655,87.390144,-7.744564958333334,0.1350176923076923,6.822826854166667,-2.753929166666667,90.70604166666668,32.68439583333333
2008-11-20,1.821375,48.936708333333335,0.7093124999999999,83.43583333333333,0.41862936652169025,87.9485111111111,-12.875482083333333,0.210674358974359,5.8395895625,-15.840431666666667,90.36041666666667,32.558104166666666
2008-11-21,1.946375,5.991208333333333,1.1339545454545454,87.3393125,0.39108793759899824,22.941547826086957,-7.513420125,0.2602994117647059,3.536381791666667,-16.275651458333332,89.27854166666667,35.59654166666667
2008-11-22,-3.7937708333333333,10.700416666666667,1.5555434782608697,80.02222916666666,0.3641650002243803,11.397831499999999,-10.774698749999999,0.32161833333333334,5.763887791666666,-18.03414125,88.998125,35.00470833333333
2008-11-23,-5.958375,44.78220833333333,0.6876888888888889,83.21922916666666,0.3378949709750336,11.00618,-11.890994333333333,0.1488516666666667,-0.48402822916666666,-15.646787916666668,89.314375,33.801458333333336
2008-11-24,-4.124708333333333,40.57066666666667,0.5621794871794872,88.12906249999999,0.3123122664281466,34.58912962962963,-10.268389583333333,0.09532344827586207,0.5520777708333333,-13.873104583333335,88.49787234042553,33.367895833333336
2008-11-25,-3.911583333333333,40.46425,0.513,87.62706250000001,0.28745130316091716,13.678522222222222,-9.728954166666666,0.09802294117647059,0.4835849270833334,-11.017728125,89.66645833333332,32.92358333333333
2008-11-26,-5.929916666666667,44.923375,0.5382051282051281,87.6719375,0.26334649775053426,24.78555056,-8.930818958333333,0.09557965517241379,-0.44328022708333337,-15.608684166666668,91.05145833333334,32.8269375
2008-11-27,-7.505187500000001,36.85397916666667,0.47618421052631577,93.30364583333333,0.24003226677419426,25.4938,-9.0084765625,0.25181,-1.7419268958333332,-30.205776874999998,90.89729166666666,32.4126875
2008-11-28,0.9076458333333334,28.247937500000003,2.237461538461538,79.79733333333333,0.21754302680908802,16.08381,-8.2099656875,0.37983,7.1537822916666665,-52.456948125,89.371875,32.8428125
2008-11-29,2.1862291666666667,33.29145833333333,1.2506,80.45979166666667,0.19591319443241015,66.38371428571429,-7.557808541666667,0.19047885714285714,3.770340291666667,-22.2805475,88.60416666666667,33.789833333333334
2008-11-30,2.1252916666666666,31.641916666666663,1.2262666666666666,91.48370833333333,0.1751771862213532,44.11061,-5.8198325625,0.17633083333333333,2.233955641666667,-16.226194375000002,88.90354166666667,35.400958333333335
2008-12-01,0.8515625,19.754791666666666,0.5457647058823529,98.22964583333334,0.15536941875311008,19.90112023255814,-5.3544970833333325,0.12351733333333333,-0.4841417625,-11.197094583333334,88.69916666666667,34.65029166666667
2008-12-02,-0.16572916666666668,40.77277083333333,0.390780487804878,95.63491666666665,0.13652430860487527,39.85862052631579,-4.969825,0.10898117647058825,-1.3922016979166667,-8.885352770833334,89.69895833333334,34.456604166666665
2008-12-03,-3.9314999999999998,32.32633333333333,0.8077555555555557,91.49252083333333,0.11867627235383887,12.655000000000001,-6.8215247916666675,0.12619151515151517,-4.475860208333334,-25.236580416666666,89.48729166666668,34.0374375
2008-12-04,-5.8510833333333325,27.6446875,0.44716666666666666,95.59535416666667,0.1018597265771984,,-8.430105416666667,0.22014487179487177,-4.6186038541666665,-23.001597083333333,89.11770833333333,33.50470833333333
2008-12-05,-1.546875,37.75364583333333,0.6319047619047619,94.73075,0.08610908785214214,26.102949230769234,-7.0460766875,0.18530162162162161,-2.3140030416666666,-16.211429374999998,88.6776595744681,33.30958333333333
2008-12-06,-2.602375,31.5656875,0.597860465116279,95.05093749999999,0.07145877275586762,32.11535971428571,-6.50949375,0.19083452380952381,-3.0308744791666666,-15.579774166666667,89.67395833333335,33.2365
2008-12-07,-1.2685416666666667,28.0865625,0.3223023255813953,97.81627083333332,0.05794319786556518,35.32954791666666,-4.576906541666666,0.1735192857142857,-2.19917805625,-9.692215833333334,90.90854166666666,33.1873125
2008-12-08,-6.670708333333334,31.392916666666665,0.6121621621621621,92.6921875,0.04559677975842915,24.162177142857143,-5.850044666666666,0.163024,-3.329248725,-18.760311875,91.33958333333334,33.1786875
2008-12-09,-8.146333333333333,26.353916666666667,1.6292142857142857,96.34633333333333,0.03445393501165232,,-7.547605416666666,0.49303375,-1.01975075,-9.95052325,90.52208333333334,33.02677083333334
2008-12-10,-2.17975,21.397145833333337,0.5961521739130434,95.12304166666667,0.02454908020242774,11.600400434782609,-5.449053333333333,0.144136,-2.9288236041666664,-11.244234166666667,89.71833333333332,32.977583333333335
2008-12-11,-1.7932083333333333,18.656041666666667,0.5754594594594594,98.16929166666667,0.015916631856502116,22.22378541666667,-4.403962916666667,0.0921264705882353,-2.457006145833333,-6.940866458333333,89.56541666666668,32.980583333333335
2008-12-12,-2.018895833333333,18.427083333333332,,97.689375,0.008585573091599814,26.158937499999997,-5.495003708333333,,-2.4929897958333336,-8.755844145833333,90.15729166666667,33.14902083333333
2008-12-13,-2.597770833333333,45.86029166666666,0.5166,96.29347916666667,0.002535757003060339,48.295343333333335,-5.6223190625,0.36535799999999996,-3.3131039791666663,-16.920685652083332,89.55,33.37897916666667
2008-12-14,4.437833333333333,38.570145833333335,1.2811,69.70049999999999,0.0,15.087639444444445,-5.778666875,0.3951862068965517,12.105968416666668,-18.573251395833335,89.27916666666665,33.85002083333333
2008-12-15,4.373020833333333,35.4789375,1.1185476190476191,70.80547916666667,0.0,4.88921,-6.321713125,0.27325222222222223,5.215843041666667,-11.020273333333334,89.865,34.810125
2008-12-16,1.0545208333333334,28.520395833333335,0.43387804878048786,88.00083333333333,0.0,8.87164,-6.029744916666666,0.3294335294117647,-0.2535631875,-14.926834895833332,90.00229166666666,34.41008333333333
2008-12-17,0.2275,20.807916666666667,0.7888863636363636,89.14187500000001,0.0,5.7436325,-5.498414791666666,0.16381243243243243,-1.7366160208333332,-11.875031041666666,89.74458333333332,34.09039583333333
2008-12-18,-1.1599583333333332,14.929083333333333,0.8302499999999999,98.33743750000001,0.0,23.952337777777778,-5.661586041666666,0.10208044444444443,-1.6893439583333334,-4.5499479166666665,90.479375,33.93172916666666
2008-12-19,-1.3596458333333334,21.833520833333335,0.822139534883721,97.06183333333333,0.0,28.560383333333334,-5.635956666666666,0.24337095238095235,-2.3595412916666665,-12.750078958333333,90.89916666666666,33.93022916666667
2008-12-20,-0.3887083333333334,10.102,0.36278787878787877,98.57847916666667,0.0,16.552343750000002,-5.990549166666667,0.225799,-1.6958575,-8.529416875,91.33854166666667,33.966208333333334
2008-12-21,1.6357083333333333,16.298729166666668,0.478953488372093,99.54783333333334,0.0,24.32425625,-6.7078025,0.2048764705882353,0.04146110625000008,-9.150058541666667,91.69833333333334,38.25114583333333
2008-12-22,1.7044166666666667,29.243333333333336,0.3986304347826087,97.99264583333333,0.0,24.6189675,-5.920621041666667,0.15628358974358975,-0.341455625,-7.463871041666667,91.90375,36.17570833333333
2008-12-23,1.5913541666666668,20.635749999999998,0.6531521739130435,98.85470833333333,2.087094432245313e-05,8.49263321875,-5.950167791666666,0.11823550000000001,0.02511591666666671,-4.837683541666666,91.94208333333334,35.63070833333334
2008-12-24,-0.8518333333333333,17.93766666666667,0.5117045454545455,97.6174375,0.0025044165588496915,2.45,-5.7619323541666665,0.18494305555555554,-2.5980287708333334,-13.274081041666667,91.60145833333333,35.27577083333333
2008-12-25,-0.14285416666666664,30.748854166666664,1.0843958333333334,93.56847916666668,0.006891573741702948,23.67205,-5.290047708333334,0.14211162790697676,-1.6031325,-7.643100208333333,91.12729166666666,34.804187500000005
2008-12-26,-9.665020833333333,19.0275625,0.6246153846153846,93.37520833333333,0.01173423853639609,12.675115,-6.877459166666667,0.2246317142857143,-1.1427346937499998,-28.230510624999997,91.605,34.445458333333335
2008-12-27,-10.734666666666667,22.843270833333335,0.57908,91.791375,0.01696868168742589,4.68663,-7.31633,0.10395904761904762,-0.7391517520833334,-15.967817708333333,91.50999999999999,33.72120833333333
2008-12-28,-11.489624999999998,17.548979166666665,0.4857142857142857,90.83385416666665,0.022531173939287878,,-7.204160416666666,0.29816933333333334,-0.6491138604166666,-22.58000745833333,91.16229166666666,32.636291666666665
2008-12-29,-7.444375,21.37291666666667,0.332075,96.92270833333333,0.02835798603647809,2.36211,-6.909879166666666,0.3233076315789474,-2.6756529583333335,-23.500146041666667,91.371875,32.248020833333335
2008-12-30,-6.770625,20.12825,0.4134705882352941,94.98364583333334,0.034385388723493115,2.95156,-6.745281250000001,0.22733966666666666,-1.1140229791666667,-19.3621825,91.66624999999999,31.941354166666667
2008-12-31,-5.405375,21.261520833333332,0.3387380952380952,89.3501875,0.04054965274482811,,-6.446487916666666,0.18524513513513513,-3.6460773749999995,-29.078491041666666,91.20708333333333,31.648979166666667
