site_id,lat,lon,igbp,koppen,elev_gtopo30,zip_start,zip_end,zip,elev_m,lc_modis
CA-ARB,52.695,-83.9452,WET,Dfc,106.0,2011,2024,AMF_CA-ARB_FLUXNET_2011-2024_v1.3_r1.zip,91.54952538175812,11
CA-ARF,52.7008,-83.955,WET,Dfc,100.0,2011,2024,AMF_CA-ARF_FLUXNET_2011-2024_v1.3_r1.zip,90.49766162310864,9
CA-BOU,50.5244,-63.2064,WET,Dfc,152.0,2018,2020,AMF_CA-BOU_FLUXNET_2018-2020_v1.3_r1.zip,110.20721761097076,8
CA-CF3,58.6658,-93.8304,WET,Dfc,20.0,2022,2025,AMF_CA-CF3_FLUXNET_2022-2025_v1.3_r1.zip,22.836275609612088,7
CA-Ca3,49.535,-124.9,ENF,Csb,126.0,2001,2024,AMF_CA-Ca3_FLUXNET_2001-2024_v1.3_r1.zip,166.2192517307409,1
CA-Cbo,44.3167,-79.9333,DBF,Dfb,204.0,1996,2024,AMF_CA-Cbo_FLUXNET_1996-2024_v1.3_r1.zip,222.5378431054085,5
CA-DB2,49.119,-122.9951,WET,Cfb,4.0,2019,2024,AMF_CA-DB2_FLUXNET_2019-2024_v1.3_r1.zip,2.151240528896152,8
CA-DBB,49.1293,-122.9849,WET,Cfb,4.0,2015,2024,AMF_CA-DBB_FLUXNET_2015-2024_v1.3_r1.zip,3.241010401188708,8
CA-DSM,49.0887,-122.8954,WET,Cfb,-9999.0,2021,2024,AMF_CA-DSM_FLUXNET_2021-2024_v1.3_r1.zip,1.0565715135295866,12
CA-EM1,50.3623,-100.2024,WET,Dfb,609.0,2021,2023,AMF_CA-EM1_FLUXNET_2021-2023_v1.3_r1.zip,603.8155283551822,12
CA-EM2,50.3706,-100.5339,WET,Dfb,550.0,2021,2023,AMF_CA-EM2_FLUXNET_2021-2023_v1.3_r1.zip,551.5356987690079,11
CA-HPC,68.3203,-133.5188,ENF,Dfc,85.0,2018,2018,AMF_CA-HPC_FLUXNET_2018-2018_v1.3_r1.zip,85.0,9
CA-KLP,51.5902,-81.7684,WET,Dfb,45.0,2011,2020,AMF_CA-KLP_FLUXNET_2011-2020_v1.3_r1.zip,70.32449396995557,10
CA-LP1,55.1119,-122.8414,ENF,Dfc,798.0,2007,2024,AMF_CA-LP1_FLUXNET_2007-2024_v1.3_r1.zip,746.3247436063871,8
CA-LU1,59.5951,-117.2862,OSH,Dfc,304.0,2020,2023,AMF_CA-LU1_FLUXNET_2020-2023_v1.3_r1.zip,312.01936002757515,8
CA-LU2,59.4405,-117.2422,OSH,Dfc,304.0,2020,2023,AMF_CA-LU2_FLUXNET_2020-2023_v1.3_r1.zip,318.7094949494949,8
CA-Mer,45.4094,-75.5186,WET,Dfb,67.0,1998,2020,AMF_CA-Mer_FLUXNET_1998-2020_v1.3_r1.zip,68.46674101808335,8
CA-Mtk,72.6695,-77.9981,GRA,ET,1.0,2024,2024,AMF_CA-Mtk_FLUXNET_2024-2024_v1.3_r1.zip,1.0,10
CA-PB1,54.9417,-83.4579,WET,Dfc,52.0,2016,2024,AMF_CA-PB1_FLUXNET_2016-2024_v1.3_r1.zip,30.919997391928025,10
CA-PB2,54.9389,-83.4736,WET,Dfc,51.0,2017,2024,AMF_CA-PB2_FLUXNET_2017-2024_v1.3_r1.zip,29.60221642764014,9
CA-RBM,49.1313,-123.1964,WET,Csb,-9999.0,2022,2024,AMF_CA-RBM_FLUXNET_2022-2024_v1.3_r1.zip,3.760121833444766,12
CA-SCB,61.3089,-121.2984,WET,Dfc,249.0,2014,2019,AMF_CA-SCB_FLUXNET_2014-2019_v1.3_r1.zip,249.0,8
CA-SCC,61.3079,-121.2992,ENF,Dfc,251.0,2013,2024,AMF_CA-SCC_FLUXNET_2013-2024_v1.3_r1.zip,251.0,8
CA-SMC,63.1534,-123.2522,ENF,Dsc,186.0,2018,2018,AMF_CA-SMC_FLUXNET_2018-2018_v1.3_r1.zip,186.0,9
CA-TP1,42.661,-80.56,ENF,Dfb,200.0,2002,2023,AMF_CA-TP1_FLUXNET_2002-2023_v1.3_r1.zip,201.5624112883025,12
CA-TP3,42.7068,-80.3483,ENF,Dfb,216.0,2002,2023,AMF_CA-TP3_FLUXNET_2002-2023_v1.3_r1.zip,224.510801568104,5
CA-TP4,42.7102,-80.3574,ENF,Dfb,219.0,2002,2023,AMF_CA-TP4_FLUXNET_2002-2023_v1.3_r1.zip,230.8612176814011,5
CA-TPA,42.6947,-80.3487,CRO,Dfb,210.0,2020,2023,AMF_CA-TPA_FLUXNET_2020-2023_v1.3_r1.zip,212.74338867106025,6
CA-TPD,42.6353,-80.5577,DBF,Dfb,196.0,2012,2023,AMF_CA-TPD_FLUXNET_2012-2023_v1.3_r1.zip,211.79961577013023,4
CA-TVC,68.7462,-133.5017,OSH,Dfc,93.0,2017,2017,AMF_CA-TVC_FLUXNET_2017-2017_v1.3_r1.zip,93.0,7
MX-Aog,26.9968,-108.7892,DBF,BSh,420.0,2016,2018,AMF_MX-Aog_FLUXNET_2016-2018_v1.3_r1.zip,366.29366524994936,9
MX-PMm,20.8462,-86.8992,WET,Aw,1.0,2017,2018,AMF_MX-PMm_FLUXNET_2017-2018_v1.3_r1.zip,8.27166648986952,11
US-A03,70.4953,-149.8823,BSV,BSk,1.0,2015,2021,AMF_US-A03_FLUXNET_2015-2021_v1.3_r1.zip,1.0,14
US-A10,71.3242,-156.6149,BSV,ET,3.0,2011,2022,AMF_US-A10_FLUXNET_2011-2022_v1.3_r1.zip,3.0,11
US-A32,36.8193,-97.8198,GRA,Cfa,335.0,2015,2017,AMF_US-A32_FLUXNET_2015-2017_v1.3_r1.zip,333.718309859155,12
US-A37,36.3106,-97.928,CVM,Cfa,381.0,2024,2024,AMF_US-A37_FLUXNET_2024-2024_v1.3_r1.zip,384.1278484487967,12
US-A39,36.3776,-96.069,CRO,Cfa,201.0,2024,2024,AMF_US-A39_FLUXNET_2024-2024_v1.3_r1.zip,197.51887396033257,9
US-A74,36.8085,-97.5489,CRO,Cfa,335.0,2016,2017,AMF_US-A74_FLUXNET_2016-2017_v1.3_r1.zip,335.2246251703771,12
US-ADR,36.7653,-116.6933,BSV,BWh,854.0,2011,2017,AMF_US-ADR_FLUXNET_2011-2017_v1.3_r1.zip,845.8819678094023,16
US-ALQ,46.0308,-89.6067,WET,Dfb,503.0,2015,2025,AMF_US-ALQ_FLUXNET_2015-2025_v1.3_r1.zip,493.9652372694309,5
US-ARM,36.6058,-97.4888,CRO,Cfa,312.0,2003,2025,AMF_US-ARM_FLUXNET_2003-2025_v1.3_r1.zip,314.9414016221636,12
US-Akn,33.3825,-81.5653,MF,Cfa,87.0,2011,2022,AMF_US-Akn_FLUXNET_2011-2022_v1.3_r1.zip,100.42859850279542,8
US-Aud,31.59070015,-110.509201,GRA,BSk,1466.0,2002,2024,AMF_US-Aud_FLUXNET_2002-2024_v1.3_r1.zip,1468.7263849946828,10
US-BRG,39.2167,-86.5406,GRA,Cfa,184.0,2017,2020,AMF_US-BRG_FLUXNET_2017-2020_v1.3_r1.zip,181.38160555702103,8
US-BZB,64.6955,-148.3208,WET,Dfb,119.0,2011,2025,AMF_US-BZB_FLUXNET_2011-2025_v1.3_r1.zip,119.0,8
US-BZF,64.7013,-148.3121,WET,Dfb,125.0,2011,2025,AMF_US-BZF_FLUXNET_2011-2025_v1.3_r1.zip,125.0,8
US-BZo,64.6936,-148.33,WET,Dfb,119.0,2018,2025,AMF_US-BZo_FLUXNET_2018-2025_v1.3_r1.zip,119.0,8
US-Bar,44.06464005,-71.28807831,DBF,Dfb,283.0,2004,2023,AMF_US-Bar_FLUXNET_2004-2023_v1.3_r1.zip,276.5485159817352,4
US-Bi1,38.0992,-121.4993,CRO,Csa,1.0,2016,2024,AMF_US-Bi1_FLUXNET_2016-2024_v1.3_r1.zip,-3.720360939873133,12
US-Bi2,38.1091,-121.5351,CRO,Csa,-2.0,2017,2025,AMF_US-Bi2_FLUXNET_2017-2025_v1.3_r1.zip,-6.770535714285716,12
US-CAK,64.8618,-163.7002,GRA,Dfc,65.0,2024,2025,AMF_US-CAK_FLUXNET_2024-2025_v1.3_r1.zip,65.0,7
US-CF1,46.7815,-117.0821,CRO,Csb,823.0,2017,2021,AMF_US-CF1_FLUXNET_2017-2021_v1.3_r1.zip,792.344937446577,12
US-CF2,46.784,-117.0908,CRO,Csa,818.0,2017,2020,AMF_US-CF2_FLUXNET_2017-2020_v1.3_r1.zip,792.081389925373,12
US-CF3,46.7551,-117.1261,CRO,Csa,792.0,2017,2021,AMF_US-CF3_FLUXNET_2017-2021_v1.3_r1.zip,783.0374951380784,12
US-CF4,46.7518,-117.1285,CRO,Csa,792.0,2017,2021,AMF_US-CF4_FLUXNET_2017-2021_v1.3_r1.zip,785.3246460245839,12
US-CGG,37.938,-121.9761,GRA,Csb,164.0,2019,2024,AMF_US-CGG_FLUXNET_2019-2024_v1.3_r1.zip,118.26997762863536,10
US-CLF,40.6366,-77.9424,CVM,Cfa,244.0,2017,2020,AMF_US-CLF_FLUXNET_2017-2020_v1.3_r1.zip,248.37209302325587,10
US-CMW,31.6637,-110.1777,DBF,BSk,1194.0,2001,2021,AMF_US-CMW_FLUXNET_2001-2021_v1.3_r1.zip,1200.884121001256,10
US-CRK,31.4629,-95.3415,ENF,Cfa,121.0,2022,2025,AMF_US-CRK_FLUXNET_2022-2025_v1.3_r1.zip,137.62524215420376,5
US-CS1,44.1031,-89.5379,CRO,Dfb,334.0,2018,2019,AMF_US-CS1_FLUXNET_2018-2019_v1.3_r1.zip,333.5406374826771,12
US-CS2,44.1467,-89.5002,ENF,Dfb,335.0,2018,2022,AMF_US-CS2_FLUXNET_2018-2022_v1.3_r1.zip,343.1766718253646,5
US-CS3,44.1394,-89.5727,CRO,Dfb,330.0,2019,2020,AMF_US-CS3_FLUXNET_2019-2020_v1.3_r1.zip,324.7039602346805,12
US-CS4,44.1597,-89.5475,CRO,Dfb,331.0,2020,2021,AMF_US-CS4_FLUXNET_2020-2021_v1.3_r1.zip,328.1856979964164,12
US-CS5,44.1095,-89.5377,CRO,Dfb,334.0,2021,2021,AMF_US-CS5_FLUXNET_2021-2021_v1.3_r1.zip,335.15960221715034,12
US-CS6,44.4297,-89.544,CRO,Dfb,329.0,2022,2023,AMF_US-CS6_FLUXNET_2022-2023_v1.3_r1.zip,328.29794826048163,12
US-CS8,44.4338,-89.5364,CRO,Dfb,328.0,2023,2023,AMF_US-CS8_FLUXNET_2023-2023_v1.3_r1.zip,329.02576776598335,12
US-CdM,37.5241,-109.7471,WSA,BSk,1833.0,2019,2024,AMF_US-CdM_FLUXNET_2019-2024_v1.3_r1.zip,1858.1485585585592,10
US-ChR,35.9311,-84.3324,DBF,Cfa,286.0,2006,2019,AMF_US-ChR_FLUXNET_2006-2019_v1.3_r1.zip,358.8696451553594,4
US-Cst,33.0442,-91.9204,ENF,Cfa,48.0,2013,2017,AMF_US-Cst_FLUXNET_2013-2017_v1.3_r1.zip,55.40742150333018,5
US-Cwt,35.0592,-83.4275,DBF,Cfb,714.0,2011,2024,AMF_US-Cwt_FLUXNET_2011-2024_v1.3_r1.zip,705.16758063017,4
US-DFC,43.3448,-89.7117,CRO,Dfb,258.0,2018,2024,AMF_US-DFC_FLUXNET_2018-2024_v1.3_r1.zip,257.5455896927652,13
US-DFK,43.3453,-89.7154,CRO,Dfb,258.0,2018,2020,AMF_US-DFK_FLUXNET_2018-2020_v1.3_r1.zip,256.86303970940315,14
US-DS1,38.1335,-121.539,CRO,Csa,-2.0,2018,2019,AMF_US-DS1_FLUXNET_2018-2019_v1.3_r1.zip,-7.165,12
US-DS2,38.1375,-121.514,CRO,Csa,-2.0,2020,2023,AMF_US-DS2_FLUXNET_2020-2023_v1.3_r1.zip,-3.9589249040092858,12
US-DS3,38.1235,-121.549,CRO,Csa,-3.0,2021,2025,AMF_US-DS3_FLUXNET_2021-2025_v1.3_r1.zip,-6.267904983032683,12
US-Dmg,38.0015,-121.6691,WET,Csa,1.0,2021,2025,AMF_US-Dmg_FLUXNET_2021-2025_v1.3_r1.zip,-0.2767992847563701,10
US-EA4,29.6633,-98.3816,MF,Cfa,259.0,2021,2025,AMF_US-EA4_FLUXNET_2021-2025_v1.3_r1.zip,291.61284910687857,9
US-EA5,29.3584,-99.9576,CSH,Cfa,333.0,2021,2022,AMF_US-EA5_FLUXNET_2021-2022_v1.3_r1.zip,321.3163103721297,10
US-EA6,29.6561,-99.9588,WSA,Cfa,466.0,2023,2023,AMF_US-EA6_FLUXNET_2023-2023_v1.3_r1.zip,473.9546216829439,9
US-EDN,37.6156,-122.114,WET,Csb,9.0,2018,2024,AMF_US-EDN_FLUXNET_2018-2024_v1.3_r1.zip,0.0597068608938045,17
US-EKH,36.8094,-121.7523,WET,Csb,1.0,2022,2024,AMF_US-EKH_FLUXNET_2022-2024_v1.3_r1.zip,2.1157167530224523,9
US-EKN,36.8357,-121.7328,WET,Csb,17.0,2023,2024,AMF_US-EKN_FLUXNET_2023-2024_v1.3_r1.zip,2.5720385174418605,11
US-EKP,36.8558,-121.7488,WET,Csb,3.0,2022,2024,AMF_US-EKP_FLUXNET_2022-2024_v1.3_r1.zip,1.7483197093551317,13
US-EML,63.8784,-149.2536,OSH,Dfc,679.0,2008,2023,AMF_US-EML_FLUXNET_2008-2023_v1.3_r1.zip,679.0,8
US-Elm,25.5519,-80.7826,WET,Aw,1.0,2008,2024,AMF_US-Elm_FLUXNET_2008-2024_v1.3_r1.zip,-0.2549160180253995,9
US-Esm,25.4379,-80.5946,WET,Aw,1.0,2008,2024,AMF_US-Esm_FLUXNET_2008-2024_v1.3_r1.zip,0.8679032588645214,10
US-EvM,25.3539,-80.381,WET,Am,1.0,2020,2023,AMF_US-EvM_FLUXNET_2020-2023_v1.3_r1.zip,-0.5220022566417069,11
US-Fo1,70.085,-148.5671,WET,BSk,30.0,2013,2024,AMF_US-Fo1_FLUXNET_2013-2024_v1.3_r1.zip,30.0,11
US-Fo2,70.0229,-148.6598,WET,BSk,45.0,2023,2024,AMF_US-Fo2_FLUXNET_2023-2024_v1.3_r1.zip,45.0,10
US-GLE,41.36650085,-106.2398987,ENF,Dfc,3137.0,2005,2020,AMF_US-GLE_FLUXNET_2005-2020_v1.3_r1.zip,3194.3649684784464,10
US-HB1,33.3455,-79.1957,WET,Cfa,2.0,2018,2024,AMF_US-HB1_FLUXNET_2018-2024_v1.3_r1.zip,-4.987671882408725,17
US-HB2,33.3242,-79.244,ENF,Cfa,4.0,2018,2024,AMF_US-HB2_FLUXNET_2018-2024_v1.3_r1.zip,10.584519066590778,2
US-HB3,33.3482,-79.2322,ENF,Cfa,5.0,2019,2024,AMF_US-HB3_FLUXNET_2019-2024_v1.3_r1.zip,8.978561942705365,6
US-HB4,33.2015,-79.2975,WET,Cfa,4.0,2020,2024,AMF_US-HB4_FLUXNET_2020-2024_v1.3_r1.zip,-0.5319532807900486,11
US-HBK,43.9397,-71.7181,DBF,Dfb,385.0,2016,2024,AMF_US-HBK_FLUXNET_2016-2024_v1.3_r1.zip,393.1857271315295,4
US-HRA,34.5852,-91.7517,CRO,Cfa,60.0,2015,2024,AMF_US-HRA_FLUXNET_2015-2024_v1.3_r1.zip,58.43772773988599,12
US-HRC,34.5888,-91.7517,CRO,Cfa,60.0,2015,2024,AMF_US-HRC_FLUXNET_2015-2024_v1.3_r1.zip,57.84724689165187,12
US-HWB,40.8608,-77.8488,CVM,Cfa,361.0,2015,2018,AMF_US-HWB_FLUXNET_2015-2018_v1.3_r1.zip,345.2725476722212,14
US-Ha1,42.53779984,-72.17150116,DBF,Dfb,351.0,1991,2025,AMF_US-Ha1_FLUXNET_1991-2025_v1.3_r1.zip,352.7792088316468,4
US-Hn2,46.6889,-119.4641,GRA,BWk,119.0,2015,2018,AMF_US-Hn2_FLUXNET_2015-2018_v1.3_r1.zip,115.9603644292166,10
US-Hn3,46.6878,-119.4614,OSH,BWk,119.0,2017,2018,AMF_US-Hn3_FLUXNET_2017-2018_v1.3_r1.zip,119.07770165057616,13
US-Ho2,45.2091,-68.747,ENF,Dfb,84.0,1999,2025,AMF_US-Ho2_FLUXNET_1999-2025_v1.3_r1.zip,92.86566448104908,5
US-Ho3,45.2072,-68.725,ENF,Dfb,61.0,2003,2021,AMF_US-Ho3_FLUXNET_2003-2021_v1.3_r1.zip,72.05359571234303,5
US-Hsm,38.2368,-122.0212,WET,Csb,1.0,2021,2025,AMF_US-Hsm_FLUXNET_2021-2025_v1.3_r1.zip,-0.6338505439629033,10
US-IAB,42.0001,-93.7016,CRO,Dfa,315.0,2019,2024,AMF_US-IAB_FLUXNET_2019-2024_v1.3_r1.zip,314.35823916343395,12
US-IAC,41.9984,-93.7016,CRO,Dfa,315.0,2019,2024,AMF_US-IAC_FLUXNET_2019-2024_v1.3_r1.zip,312.92886676229847,12
US-IAM,41.9994,-93.7042,CRO,Dfa,315.0,2019,2024,AMF_US-IAM_FLUXNET_2019-2024_v1.3_r1.zip,315.9868398852707,12
US-ICh,68.6068,-149.2958,OSH,ET,975.0,2007,2025,AMF_US-ICh_FLUXNET_2007-2025_v1.3_r1.zip,975.0,7
US-ICs,68.6058,-149.311,WET,ET,915.0,2007,2025,AMF_US-ICs_FLUXNET_2007-2025_v1.3_r1.zip,915.0,7
US-ICt,68.6063,-149.3041,OSH,ET,958.0,2007,2025,AMF_US-ICt_FLUXNET_2007-2025_v1.3_r1.zip,958.0,7
US-Jo1,32.582,-106.635,OSH,BWk,1400.0,2010,2022,AMF_US-Jo1_FLUXNET_2010-2022_v1.3_r1.zip,1396.6647216376505,7
US-Jo2,32.5849,-106.6032,OSH,BWk,1468.0,2010,2020,AMF_US-Jo2_FLUXNET_2010-2020_v1.3_r1.zip,1468.1349593495934,7
US-KFS,39.0561,-95.1907,GRA,Cfa,332.0,2007,2019,AMF_US-KFS_FLUXNET_2007-2019_v1.3_r1.zip,331.8442016214312,10
US-KLS,38.7745,-97.5684,GRA,Cfa,382.0,2012,2019,AMF_US-KLS_FLUXNET_2012-2019_v1.3_r1.zip,381.2480750508894,12
US-KPL,60.5382,-150.5061,WET,Dsc,121.0,2021,2024,AMF_US-KPL_FLUXNET_2021-2024_v1.3_r1.zip,97.40649952537824,8
US-KS3,28.7084,-80.7427,WET,Cfa,1.0,2018,2018,AMF_US-KS3_FLUXNET_2018-2018_v1.3_r1.zip,-1.6814652598048976,12
US-Kon,39.0824,-96.5603,GRA,Cfa,427.0,2004,2019,AMF_US-Kon_FLUXNET_2004-2019_v1.3_r1.zip,442.4376211453744,10
US-LA2,29.8587,-90.2869,WET,Cfa,1.0,2011,2023,AMF_US-LA2_FLUXNET_2011-2023_v1.3_r1.zip,-1.295125553914328,11
US-LA3,29.4936,-89.9153,WET,Cfa,1.0,2019,2023,AMF_US-LA3_FLUXNET_2019-2023_v1.3_r1.zip,-1.21142631214787,11
US-Los,46.08269882,-89.97920227,WET,Dfb,485.0,2000,2025,AMF_US-Los_FLUXNET_2000-2025_v1.3_r1.zip,478.7262279596977,8
US-MBP,47.5051,-93.4893,WET,Dfb,427.0,2009,2024,AMF_US-MBP_FLUXNET_2009-2024_v1.3_r1.zip,415.4839328169338,8
US-MEF,39.1006,-105.1024,ENF,Dfb,2377.0,2024,2025,AMF_US-MEF_FLUXNET_2024-2025_v1.3_r1.zip,2375.3629557865074,9
US-MMS,39.3232,-86.4131,DBF,Cfa,293.0,1999,2023,AMF_US-MMS_FLUXNET_1999-2023_v1.3_r1.zip,293.58833347975053,4
US-MN1,45.6168,-96.1269,CRO,Dfb,339.0,2017,2024,AMF_US-MN1_FLUXNET_2017-2024_v1.3_r1.zip,340.5114322006986,12
US-MN2,45.627,-96.1271,CRO,Dfb,339.0,2017,2024,AMF_US-MN2_FLUXNET_2017-2024_v1.3_r1.zip,338.07262481149286,12
US-MN3,45.6091,-96.1265,CRO,Dfb,341.0,2020,2024,AMF_US-MN3_FLUXNET_2020-2024_v1.3_r1.zip,340.5468836840016,12
US-MOz,38.74411011,-92.20001221,DBF,Cfa,215.0,2004,2021,AMF_US-MOz_FLUXNET_2004-2021_v1.3_r1.zip,240.3021156059131,4
US-MZA,43.0441,-76.7897,WET,Dfb,122.0,2024,2025,AMF_US-MZA_FLUXNET_2024-2025_v1.3_r1.zip,113.49170262197144,9
US-Me6,44.32329941,-121.6078033,ENF,Csb,1006.0,2010,2025,AMF_US-Me6_FLUXNET_2010-2025_v1.3_r1.zip,998.6817258470786,8
US-Me7,44.4534,-121.5619,ENF,Csb,1235.0,2022,2023,AMF_US-Me7_FLUXNET_2022-2023_v1.3_r1.zip,1265.3057402302577,2
US-Mo1,39.2298,-92.1167,CRO,Cfa,259.0,2015,2024,AMF_US-Mo1_FLUXNET_2015-2024_v1.3_r1.zip,260.3595179451091,12
US-Mo2,38.9488,-91.9945,GRA,Cfa,274.0,2018,2024,AMF_US-Mo2_FLUXNET_2018-2024_v1.3_r1.zip,272.88477838601443,12
US-Mo3,39.2322,-92.1493,CRO,Cfa,262.0,2016,2023,AMF_US-Mo3_FLUXNET_2016-2023_v1.3_r1.zip,261.0967288075975,12
US-Mpj,34.4385,-106.2377,WSA,BSk,2190.0,2008,2025,AMF_US-Mpj_FLUXNET_2008-2025_v1.3_r1.zip,2193.8158412133694,10
US-MtB,32.416,-110.7256,ENF,Csa,2478.0,2009,2024,AMF_US-MtB_FLUXNET_2009-2024_v1.3_r1.zip,2571.6329562883448,8
US-Myb,38.04980087,-121.7650986,WET,Csa,-2.0,2010,2025,AMF_US-Myb_FLUXNET_2010-2025_v1.3_r1.zip,-4.840829830993472,10
US-NC2,35.803,-76.6685,ENF,Cfa,5.0,2005,2025,AMF_US-NC2_FLUXNET_2005-2025_v1.3_r1.zip,6.292552701831907,8
US-NC3,35.799,-76.656,ENF,Cfa,5.0,2013,2021,AMF_US-NC3_FLUXNET_2013-2021_v1.3_r1.zip,11.334776201878803,8
US-NC4,35.7879,-75.9038,WET,Cfa,1.0,2009,2025,AMF_US-NC4_FLUXNET_2009-2025_v1.3_r1.zip,6.801934592353756,4
US-NC5,36.1565,-78.7878,ENF,Cfa,122.0,2025,2025,AMF_US-NC5_FLUXNET_2025-2025_v1.3_r1.zip,141.41259510495914,8
US-NGB,71.28,-156.6092,SNO,ET,4.0,2012,2023,AMF_US-NGB_FLUXNET_2012-2023_v1.3_r1.zip,4.0,10
US-NGC,64.8618,-163.7002,GRA,Dfc,65.0,2017,2023,AMF_US-NGC_FLUXNET_2017-2023_v1.3_r1.zip,65.0,7
US-NR1,40.0329,-105.5464,ENF,Dfc,3028.0,1998,2025,AMF_US-NR1_FLUXNET_1998-2025_v1.3_r1.zip,3052.776870275437,3
US-NR3,40.052,-105.5864,GRA,ET,3513.0,2007,2024,AMF_US-NR3_FLUXNET_2007-2024_v1.3_r1.zip,3492.856820156384,10
US-NSa,36.6029,-119.5061,CRO,BSh,97.0,2023,2025,AMF_US-NSa_FLUXNET_2023-2025_v1.3_r1.zip,104.6510801203172,11
US-NSb,36.3354,-120.1183,CRO,BSk,87.0,2023,2025,AMF_US-NSb_FLUXNET_2023-2025_v1.3_r1.zip,83.68885434762731,12
US-Ne1,41.1651,-96.4766,CRO,Dfa,354.0,2001,2024,AMF_US-Ne1_FLUXNET_2001-2024_v1.3_r1.zip,356.0515974713822,12
US-Ne2,41.16490173,-96.4701004,CRO,Dfa,355.0,2001,2024,AMF_US-Ne2_FLUXNET_2001-2024_v1.3_r1.zip,355.00410116199583,12
US-Ne3,41.17969894,-96.43969727,CRO,Dfa,356.0,2001,2024,AMF_US-Ne3_FLUXNET_2001-2024_v1.3_r1.zip,358.06851772746694,12
US-ONA,27.3836,-81.9509,GRA,Cfa,22.0,2016,2022,AMF_US-ONA_FLUXNET_2016-2022_v1.3_r1.zip,24.5744080604534,9
US-OPE,39.0293,-76.8457,CRO,Cfa,31.0,2022,2022,AMF_US-OPE_FLUXNET_2022-2022_v1.3_r1.zip,41.65555555555555,8
US-OWC,41.3795,-82.5125,WET,Cfa,180.0,2015,2025,AMF_US-OWC_FLUXNET_2015-2025_v1.3_r1.zip,173.202180207801,9
US-PAS,27.3944,-81.951,GRA,Cfa,24.0,2021,2022,AMF_US-PAS_FLUXNET_2021-2022_v1.3_r1.zip,23.835617818988105,9
US-PFL,45.9409,-90.3177,DBF,Dfb,456.0,2019,2019,AMF_US-PFL_FLUXNET_2019-2019_v1.3_r1.zip,465.5847149849992,5
US-PFb,45.972,-90.3232,ENF,Dfb,462.0,2019,2019,AMF_US-PFb_FLUXNET_2019-2019_v1.3_r1.zip,471.04506353089727,5
US-PFc,45.9677,-90.3088,DBF,Dfb,464.0,2019,2019,AMF_US-PFc_FLUXNET_2019-2019_v1.3_r1.zip,472.0413412228796,5
US-PFd,45.9689,-90.301,WET,Dfb,464.0,2019,2019,AMF_US-PFd_FLUXNET_2019-2019_v1.3_r1.zip,464.4489425505051,5
US-PFf,45.9458,-90.2944,GRA,Dfb,464.0,2019,2019,AMF_US-PFf_FLUXNET_2019-2019_v1.3_r1.zip,461.9670190942086,8
US-PFg,45.9735,-90.2723,ENF,Dfb,472.0,2019,2019,AMF_US-PFg_FLUXNET_2019-2019_v1.3_r1.zip,476.623688155922,5
US-PFh,45.9557,-90.2406,ENF,Dfb,489.0,2019,2019,AMF_US-PFh_FLUXNET_2019-2019_v1.3_r1.zip,476.0449739624427,5
US-PFi,45.9749,-90.2327,DBF,Dfb,478.0,2019,2019,AMF_US-PFi_FLUXNET_2019-2019_v1.3_r1.zip,482.4596875986117,4
US-PFj,45.9619,-90.227,DBF,Dfb,484.0,2019,2019,AMF_US-PFj_FLUXNET_2019-2019_v1.3_r1.zip,482.1112776025237,5
US-PFk,45.9149,-90.3425,DBF,Dfb,464.0,2019,2019,AMF_US-PFk_FLUXNET_2019-2019_v1.3_r1.zip,463.6060534218428,5
US-PFm,45.9207,-90.3099,DBF,Dfb,472.0,2019,2019,AMF_US-PFm_FLUXNET_2019-2019_v1.3_r1.zip,468.6691135843399,4
US-PFn,45.9392,-90.2823,DBF,Dfb,472.0,2019,2019,AMF_US-PFn_FLUXNET_2019-2019_v1.3_r1.zip,473.55431864834986,5
US-PFp,45.9365,-90.2641,DBF,Dfb,487.0,2019,2019,AMF_US-PFp_FLUXNET_2019-2019_v1.3_r1.zip,477.1388209296817,5
US-PFq,45.9271,-90.2475,DBF,Dfb,472.0,2019,2019,AMF_US-PFq_FLUXNET_2019-2019_v1.3_r1.zip,469.9907641300916,4
US-PFr,45.9245,-90.2475,WET,Dfb,464.0,2019,2019,AMF_US-PFr_FLUXNET_2019-2019_v1.3_r1.zip,464.0648345573717,4
US-PFt,45.9197,-90.2288,ENF,Dfb,471.0,2019,2019,AMF_US-PFt_FLUXNET_2019-2019_v1.3_r1.zip,476.6060653925128,5
US-PLo,42.7496,-70.9157,WET,Cfb,14.0,2022,2023,AMF_US-PLo_FLUXNET_2022-2023_v1.3_r1.zip,-0.376636371216543,8
US-Prr,65.123703,-147.4875946,ENF,Dfc,264.0,2010,2022,AMF_US-Prr_FLUXNET_2010-2022_v1.3_r1.zip,264.0,8
US-RGA,34.4159,-91.6733,CRO,Cfa,56.0,2021,2024,AMF_US-RGA_FLUXNET_2021-2024_v1.3_r1.zip,57.39072599531614,12
US-RGB,39.5782,-121.8579,CRO,Csa,34.0,2021,2024,AMF_US-RGB_FLUXNET_2021-2024_v1.3_r1.zip,33.44213104715248,12
US-RGF,37.6995,-121.1369,CRO,Csa,16.0,2023,2024,AMF_US-RGF_FLUXNET_2023-2024_v1.3_r1.zip,17.008260010773935,12
US-RGW,33.6216,-91.4306,CRO,Cfa,42.0,2022,2024,AMF_US-RGW_FLUXNET_2022-2024_v1.3_r1.zip,41.55478869244587,12
US-RGo,39.6805,-122.0026,CRO,Csa,39.0,2021,2024,AMF_US-RGo_FLUXNET_2021-2024_v1.3_r1.zip,38.88610358983317,12
US-RRC,37.3344,-77.2065,WET,Cfa,9.0,2022,2024,AMF_US-RRC_FLUXNET_2022-2024_v1.3_r1.zip,6.664020209310717,4
US-Rls,43.1439,-116.7356,CSH,Dsb,1586.0,2014,2023,AMF_US-Rls_FLUXNET_2014-2023_v1.3_r1.zip,1616.6138810667542,10
US-Rms,43.0645,-116.7486,CSH,Dsb,2130.0,2014,2023,AMF_US-Rms_FLUXNET_2014-2023_v1.3_r1.zip,2111.328329739591,10
US-Ro4,44.6781,-93.0723,GRA,Dfa,273.0,2014,2025,AMF_US-Ro4_FLUXNET_2014-2025_v1.3_r1.zip,263.14270724029376,12
US-Ro5,44.691,-93.0576,CRO,Dfa,279.0,2017,2024,AMF_US-Ro5_FLUXNET_2017-2024_v1.3_r1.zip,281.3655801194127,12
US-Ro6,44.6946,-93.0578,CRO,Dfa,290.0,2017,2024,AMF_US-Ro6_FLUXNET_2017-2024_v1.3_r1.zip,281.8732451186057,12
US-Rpf,65.1198,-147.429,DBF,Dfc,455.0,2008,2024,AMF_US-Rpf_FLUXNET_2008-2024_v1.3_r1.zip,455.0,8
US-Rwf,43.1207,-116.7231,CSH,Dsb,1914.0,2014,2023,AMF_US-Rwf_FLUXNET_2014-2023_v1.3_r1.zip,1890.2171968190853,10
US-Rws,43.1675,-116.7132,OSH,Csb,1404.0,2014,2023,AMF_US-Rws_FLUXNET_2014-2023_v1.3_r1.zip,1425.8839211790034,10
US-SD1,41.2048,-86.0296,CRO,Dfa,251.0,2023,2025,AMF_US-SD1_FLUXNET_2023-2025_v1.3_r1.zip,246.21670081967216,12
US-SD2,41.1785,-85.9977,CRO,Dfa,273.0,2023,2025,AMF_US-SD2_FLUXNET_2023-2025_v1.3_r1.zip,262.04068723822536,12
US-SHC,39.4315,-120.2398,ENF,Csb,1950.0,2017,2020,AMF_US-SHC_FLUXNET_2017-2020_v1.3_r1.zip,1940.1089282582004,3
US-SP1,29.73806953,-82.21877289,ENF,Cfa,48.0,2000,2020,AMF_US-SP1_FLUXNET_2000-2020_v1.3_r1.zip,44.10686119873818,8
US-SRG,31.7894,-110.8277,GRA,Csa,1293.0,2008,2025,AMF_US-SRG_FLUXNET_2008-2025_v1.3_r1.zip,1290.1335841049383,10
US-SRM,31.82139969,-110.8659973,WSA,BSk,1128.0,2004,2025,AMF_US-SRM_FLUXNET_2004-2025_v1.3_r1.zip,1117.7249493683091,10
US-SRS,31.8173,-110.8508,WSA,BSk,1152.0,2011,2018,AMF_US-SRS_FLUXNET_2011-2018_v1.3_r1.zip,1166.9051616015436,10
US-SSH,40.6658,-77.9041,DBF,Cfa,304.0,2016,2021,AMF_US-SSH_FLUXNET_2016-2021_v1.3_r1.zip,295.9487599035481,4
US-Seg,34.3623,-106.702,GRA,BSk,1589.0,2007,2025,AMF_US-Seg_FLUXNET_2007-2025_v1.3_r1.zip,1595.3578523238384,10
US-Ses,34.3349,-106.7442,OSH,BSk,1586.0,2007,2025,AMF_US-Ses_FLUXNET_2007-2025_v1.3_r1.zip,1599.999718785152,7
US-Slt,39.9138,-74.596,DBF,Cfa,32.0,2005,2022,AMF_US-Slt_FLUXNET_2005-2022_v1.3_r1.zip,38.75925119721376,4
US-Sne,38.0369,-121.7547,GRA,Csa,-2.0,2016,2020,AMF_US-Sne_FLUXNET_2016-2020_v1.3_r1.zip,-5.458016632388449,10
US-Snf,38.0402,-121.7272,GRA,Csa,-1.0,2018,2020,AMF_US-Snf_FLUXNET_2018-2020_v1.3_r1.zip,-5.229125692830323,11
US-Srr,38.2006,-122.0264,WET,Csb,1.0,2014,2017,AMF_US-Srr_FLUXNET_2014-2017_v1.3_r1.zip,1.713329764453961,10
US-StJ,39.0882,-75.4372,WET,Cfa,1.0,2015,2020,AMF_US-StJ_FLUXNET_2015-2020_v1.3_r1.zip,-0.6299039054923741,9
US-Syv,46.242,-89.3477,MF,Dfb,533.0,2001,2025,AMF_US-Syv_FLUXNET_2001-2025_v1.3_r1.zip,545.8866991206031,5
US-TKs,68.6337,-149.5769,CSH,Dfc,751.0,2018,2025,AMF_US-TKs_FLUXNET_2018-2025_v1.3_r1.zip,751.0,7
US-TLR,35.9168,-76.1463,MF,Cfa,1.0,2024,2024,AMF_US-TLR_FLUXNET_2024-2024_v1.3_r1.zip,4.183155571901436,5
US-TaS,25.1908,-80.6391,WET,Aw,-9999.0,2017,2023,AMF_US-TaS_FLUXNET_2017-2023_v1.3_r1.zip,2.5811921891058565,13
US-Ton,38.4309,-120.966,WSA,Csa,175.0,2001,2025,AMF_US-Ton_FLUXNET_2001-2025_v1.3_r1.zip,172.32301672002842,9
US-Tw1,38.107,-121.647,WET,Csa,-2.0,2011,2023,AMF_US-Tw1_FLUXNET_2011-2023_v1.3_r1.zip,-7.271216723244593,10
US-Tw3,38.1152,-121.6469,CRO,Csa,-2.0,2013,2018,AMF_US-Tw3_FLUXNET_2013-2018_v1.3_r1.zip,-2.9559703492006792,12
US-Tw4,38.10274506,-121.6413269,WET,Csa,-2.0,2013,2024,AMF_US-Tw4_FLUXNET_2013-2024_v1.3_r1.zip,-5.714923640260785,10
US-Tw5,38.1072,-121.6426,WET,Csa,-2.0,2018,2019,AMF_US-Tw5_FLUXNET_2018-2019_v1.3_r1.zip,-5.5195640521708045,10
US-Twt,38.1086998,-121.6530991,CRO,Csa,-2.0,2009,2017,AMF_US-Twt_FLUXNET_2009-2017_v1.3_r1.zip,-6.779862414008756,12
US-UC1,40.7536,-78.0056,CVM,Cfa,394.0,2019,2024,AMF_US-UC1_FLUXNET_2019-2024_v1.3_r1.zip,385.8812349501205,7
US-UC2,40.7559,-77.9998,CVM,Cfb,396.0,2019,2024,AMF_US-UC2_FLUXNET_2019-2024_v1.3_r1.zip,392.041458799243,12
US-UMd,45.563,-84.698,DBF,Dfb,228.0,2007,2025,AMF_US-UMd_FLUXNET_2007-2025_v1.3_r1.zip,241.8616497139225,4
US-UTB,40.7848,-113.8299,BSV,BWk,1280.0,2021,2023,AMF_US-UTB_FLUXNET_2021-2023_v1.3_r1.zip,1281.0,16
US-UTD,38.1038,-109.5952,CRO,BSk,1583.0,2023,2024,AMF_US-UTD_FLUXNET_2023-2024_v1.3_r1.zip,1575.3203501876003,7
US-UTE,37.7353,-111.5708,CRO,BSk,1736.0,2024,2025,AMF_US-UTE_FLUXNET_2024-2025_v1.3_r1.zip,1727.1673850574716,10
US-UTJ,37.2818,-109.5348,CRO,BWk,1330.0,2024,2025,AMF_US-UTJ_FLUXNET_2024-2025_v1.3_r1.zip,1319.0494942196533,7
US-UTL,40.1877,-109.6579,CRO,BSk,1463.0,2024,2025,AMF_US-UTL_FLUXNET_2024-2025_v1.3_r1.zip,1468.1783328996437,12
US-UTM,38.5879,-109.5775,WET,BSk,1206.0,2022,2024,AMF_US-UTM_FLUXNET_2022-2024_v1.3_r1.zip,1207.0578527062996,10
US-UTP,41.0604,-112.1013,WET,Cfa,1275.0,2024,2024,AMF_US-UTP_FLUXNET_2024-2024_v1.3_r1.zip,1281.7172071532475,10
US-UTV,40.1266,-109.9546,CRO,BSk,1526.0,2023,2025,AMF_US-UTV_FLUXNET_2023-2025_v1.3_r1.zip,1536.3309901935263,10
US-UTW,39.4453,-110.7288,CRO,BSk,1646.0,2021,2024,AMF_US-UTW_FLUXNET_2021-2024_v1.3_r1.zip,1679.8715274734905,10
US-Uaf,64.8663,-147.8555,ENF,Dfc,168.0,2003,2025,AMF_US-Uaf_FLUXNET_2003-2025_v1.3_r1.zip,168.0,1
US-UiA,40.0646,-88.1961,CRO,Cfa,222.0,2008,2024,AMF_US-UiA_FLUXNET_2008-2024_v1.3_r1.zip,223.7274385477286,12
US-UiB,40.0628,-88.1984,CRO,Cfa,222.0,2008,2024,AMF_US-UiB_FLUXNET_2008-2024_v1.3_r1.zip,220.6114489228631,12
US-UiC,40.0628,-88.1961,CRO,Cfa,222.0,2008,2024,AMF_US-UiC_FLUXNET_2008-2024_v1.3_r1.zip,222.73848827106872,12
US-UiD,40.0646,-88.1985,GRA,Cfa,222.0,2008,2024,AMF_US-UiD_FLUXNET_2008-2024_v1.3_r1.zip,220.57901138041876,12
US-UiE,40.0629,-88.2033,CRO,Cfa,221.0,2018,2024,AMF_US-UiE_FLUXNET_2018-2024_v1.3_r1.zip,217.1395813428298,12
US-UiF,40.0665,-88.2015,CRO,Cfa,221.0,2018,2023,AMF_US-UiF_FLUXNET_2018-2023_v1.3_r1.zip,221.9058670143416,12
US-UiG,40.0629,-88.2009,CRO,Cfa,221.0,2018,2023,AMF_US-UiG_FLUXNET_2018-2023_v1.3_r1.zip,218.48640430892192,12
US-VT1,40.4064,-87.5214,CRO,Cfa,222.0,2023,2025,AMF_US-VT1_FLUXNET_2023-2025_v1.3_r1.zip,214.6472724128988,12
US-VT2,40.4018,-87.5213,CRO,Cfa,222.0,2023,2025,AMF_US-VT2_FLUXNET_2023-2025_v1.3_r1.zip,215.16905914908327,12
US-Var,38.4133,-120.9508,GRA,Csa,151.0,2000,2025,AMF_US-Var_FLUXNET_2000-2025_v1.3_r1.zip,159.99021439373723,10
US-Vcm,35.8884,-106.5321,ENF,Dfb,3003.0,2007,2025,AMF_US-Vcm_FLUXNET_2007-2025_v1.3_r1.zip,3041.0379805039547,10
US-Vcp,35.8642,-106.5967,ENF,Dfb,2542.0,2007,2025,AMF_US-Vcp_FLUXNET_2007-2025_v1.3_r1.zip,2503.6619122112825,8
US-WCr,45.80590057,-90.07990265,DBF,Dfb,515.0,1999,2025,AMF_US-WCr_FLUXNET_1999-2025_v1.3_r1.zip,522.2845052598275,4
US-WT1,34.3674,-101.8154,CRO,BSk,1070.0,2023,2024,AMF_US-WT1_FLUXNET_2023-2024_v1.3_r1.zip,1070.1133489461358,12
US-Whs,31.74379921,-110.0522003,OSH,BSk,1371.0,2007,2025,AMF_US-Whs_FLUXNET_2007-2025_v1.3_r1.zip,1370.949502751762,10
US-Wjs,34.4255,-105.8615,SAV,BSk,1922.0,2007,2025,AMF_US-Wjs_FLUXNET_2007-2025_v1.3_r1.zip,1929.8181477666449,10
US-Wkg,31.73649979,-109.9419022,GRA,BSk,1524.0,2004,2025,AMF_US-Wkg_FLUXNET_2004-2025_v1.3_r1.zip,1522.130031856357,10
US-YK1,61.2723,-163.2228,WET,Dfc,14.0,2019,2025,AMF_US-YK1_FLUXNET_2019-2025_v1.3_r1.zip,14.0,7
US-YK2,61.2548,-163.259,WET,Dfc,14.0,2019,2025,AMF_US-YK2_FLUXNET_2019-2025_v1.3_r1.zip,14.0,7
US-ZF1,40.7976,-87.5355,CRO,Dfa,204.0,2024,2025,AMF_US-ZF1_FLUXNET_2024-2025_v1.3_r1.zip,201.9647645238914,12
US-ZF2,40.7939,-87.5355,CRO,Dfa,204.0,2024,2025,AMF_US-ZF2_FLUXNET_2024-2025_v1.3_r1.zip,202.1667669560732,12
US-xAB,45.7624,-122.3303,ENF,Csb,361.0,2019,2024,AMF_US-xAB_FLUXNET_2019-2024_v1.3_r1.zip,390.2940198019801,5
US-xAE,35.4106,-99.0588,GRA,Cfa,517.0,2019,2024,AMF_US-xAE_FLUXNET_2019-2024_v1.3_r1.zip,517.5917668825161,10
US-xBA,71.2824,-156.6194,WET,ET,5.0,2019,2024,AMF_US-xBA_FLUXNET_2019-2024_v1.3_r1.zip,5.0,10
US-xBL,39.0603,-78.0716,DBF,Cfa,183.0,2019,2024,AMF_US-xBL_FLUXNET_2019-2024_v1.3_r1.zip,181.4620130442446,9
US-xBN,65.154,-147.5026,ENF,Dfc,263.0,2019,2024,AMF_US-xBN_FLUXNET_2019-2024_v1.3_r1.zip,263.0,8
US-xBR,44.0639,-71.2873,DBF,Dfb,283.0,2019,2024,AMF_US-xBR_FLUXNET_2019-2024_v1.3_r1.zip,281.9306099151988,4
US-xCL,33.4012,-97.57,GRA,Cfa,259.0,2019,2024,AMF_US-xCL_FLUXNET_2019-2024_v1.3_r1.zip,275.01326888446584,10
US-xCP,40.8155,-104.7456,GRA,BSk,1648.0,2019,2024,AMF_US-xCP_FLUXNET_2019-2024_v1.3_r1.zip,1652.455068728522,10
US-xDC,47.1617,-99.1066,GRA,Dfb,559.0,2019,2024,AMF_US-xDC_FLUXNET_2019-2024_v1.3_r1.zip,571.9420983555934,10
US-xDJ,63.8811,-145.7514,ENF,Dfc,525.0,2019,2024,AMF_US-xDJ_FLUXNET_2019-2024_v1.3_r1.zip,525.0,8
US-xDL,32.5417,-87.8039,MF,Cfa,19.0,2019,2024,AMF_US-xDL_FLUXNET_2019-2024_v1.3_r1.zip,32.52981717239398,4
US-xDS,28.125,-81.4362,CVM,Cfa,15.0,2019,2024,AMF_US-xDS_FLUXNET_2019-2024_v1.3_r1.zip,19.3510861948143,9
US-xGR,35.689,-83.5019,DBF,Cfa,600.0,2019,2024,AMF_US-xGR_FLUXNET_2019-2024_v1.3_r1.zip,586.1843487879066,4
US-xHA,42.5369,-72.1727,DBF,Dfb,351.0,2019,2024,AMF_US-xHA_FLUXNET_2019-2024_v1.3_r1.zip,358.5144721432157,4
US-xHE,63.8757,-149.2133,OSH,Dfc,673.0,2019,2024,AMF_US-xHE_FLUXNET_2019-2024_v1.3_r1.zip,673.0,7
US-xJE,31.1948,-84.4686,ENF,Cfa,36.0,2019,2024,AMF_US-xJE_FLUXNET_2019-2024_v1.3_r1.zip,51.836020983096965,8
US-xJR,32.5907,-106.8425,OSH,BWk,1331.0,2019,2024,AMF_US-xJR_FLUXNET_2019-2024_v1.3_r1.zip,1323.277735271614,10
US-xKA,39.1104,-96.6129,GRA,Cfa,320.0,2019,2024,AMF_US-xKA_FLUXNET_2019-2024_v1.3_r1.zip,322.5946779451935,10
US-xKZ,39.1008,-96.5631,GRA,Cfa,402.0,2019,2024,AMF_US-xKZ_FLUXNET_2019-2024_v1.3_r1.zip,410.8921300784348,10
US-xLE,31.8539,-88.1612,DBF,Cfa,8.0,2019,2024,AMF_US-xLE_FLUXNET_2019-2024_v1.3_r1.zip,25.64082537845917,7
US-xMB,38.2483,-109.3883,OSH,BSk,1788.0,2019,2024,AMF_US-xMB_FLUXNET_2019-2024_v1.3_r1.zip,1800.7703558369749,10
US-xML,37.3783,-80.5248,DBF,Cfb,1164.0,2019,2024,AMF_US-xML_FLUXNET_2019-2024_v1.3_r1.zip,1175.4040595399188,4
US-xNG,46.7697,-100.9154,GRA,Dfb,578.0,2019,2024,AMF_US-xNG_FLUXNET_2019-2024_v1.3_r1.zip,587.5488259990669,10
US-xNQ,40.1776,-112.4524,OSH,Cfa,1671.0,2019,2024,AMF_US-xNQ_FLUXNET_2019-2024_v1.3_r1.zip,1655.5913111342345,10
US-xNW,40.0543,-105.5824,ENF,Dfc,3466.0,2019,2024,AMF_US-xNW_FLUXNET_2019-2024_v1.3_r1.zip,3490.4998262078548,10
US-xPU,19.5531,-155.3173,EBF,Cfb,1720.0,2019,2024,AMF_US-xPU_FLUXNET_2019-2024_v1.3_r1.zip,1701.562961377983,8
US-xRM,40.2759,-105.5459,ENF,Dfc,2743.0,2019,2024,AMF_US-xRM_FLUXNET_2019-2024_v1.3_r1.zip,2746.53908752489,8
US-xRN,35.9641,-84.2826,DBF,Cfa,284.0,2019,2024,AMF_US-xRN_FLUXNET_2019-2024_v1.3_r1.zip,344.9208857851696,4
US-xSB,29.6893,-81.9934,ENF,Cfa,45.0,2019,2024,AMF_US-xSB_FLUXNET_2019-2024_v1.3_r1.zip,52.77453397770983,8
US-xSC,38.8929,-78.1395,DBF,Cfa,363.0,2019,2024,AMF_US-xSC_FLUXNET_2019-2024_v1.3_r1.zip,363.2753623188406,4
US-xSE,38.8901,-76.56,DBF,Cfa,15.0,2019,2024,AMF_US-xSE_FLUXNET_2019-2024_v1.3_r1.zip,27.96597437030491,4
US-xSJ,37.1088,-119.7323,SAV,Csa,411.0,2019,2024,AMF_US-xSJ_FLUXNET_2019-2024_v1.3_r1.zip,396.6273870938545,10
US-xSL,40.4619,-103.0293,CRO,BSk,1364.0,2019,2024,AMF_US-xSL_FLUXNET_2019-2024_v1.3_r1.zip,1365.6658894645936,10
US-xSP,37.0334,-119.2622,ENF,Csa,1131.0,2019,2024,AMF_US-xSP_FLUXNET_2019-2024_v1.3_r1.zip,1207.9563168388613,10
US-xSR,31.9107,-110.8355,OSH,BSh,983.0,2019,2024,AMF_US-xSR_FLUXNET_2019-2024_v1.3_r1.zip,996.113156626506,7
US-xST,45.5089,-89.5864,DBF,Dfb,481.0,2019,2024,AMF_US-xST_FLUXNET_2019-2024_v1.3_r1.zip,476.6077027134559,4
US-xTA,32.9505,-87.3933,ENF,Cfa,135.0,2019,2024,AMF_US-xTA_FLUXNET_2019-2024_v1.3_r1.zip,160.09096104390895,5
US-xTE,37.0058,-119.006,ENF,Csb,2161.0,2019,2024,AMF_US-xTE_FLUXNET_2019-2024_v1.3_r1.zip,2161.886069065531,8
US-xTL,68.6611,-149.3705,WET,Dfc,843.0,2019,2024,AMF_US-xTL_FLUXNET_2019-2024_v1.3_r1.zip,843.0,7
US-xTR,45.4937,-89.5857,DBF,Dfb,472.0,2019,2024,AMF_US-xTR_FLUXNET_2019-2024_v1.3_r1.zip,471.1149132579977,4
US-xUK,39.0404,-95.1921,DBF,Cfa,304.0,2019,2024,AMF_US-xUK_FLUXNET_2019-2024_v1.3_r1.zip,323.7801587301587,4
US-xUN,46.2339,-89.5373,MF,Dfb,515.0,2019,2024,AMF_US-xUN_FLUXNET_2019-2024_v1.3_r1.zip,523.7499018453079,4
US-xWD,47.1282,-99.2414,GRA,Dfb,573.0,2019,2024,AMF_US-xWD_FLUXNET_2019-2024_v1.3_r1.zip,587.1146477132263,10
US-xWR,45.8205,-121.9519,ENF,Csb,371.0,2019,2024,AMF_US-xWR_FLUXNET_2019-2024_v1.3_r1.zip,395.4038917892738,1
US-xYE,44.9535,-110.5391,ENF,Dfb,2116.0,2019,2024,AMF_US-xYE_FLUXNET_2019-2024_v1.3_r1.zip,2130.4857441169383,10
