Month,alpha,alpha_site,R2_train,RMSE_train,Site
3,1.5996093750000004,1.3004824218750002,0.9768257382146758,6.511551469476476,AT-Neu
4,1.3890146484375,1.3004824218750002,0.9906908155417666,7.393783296070007,AT-Neu
5,1.325583984375,1.3004824218750002,0.9846743885681036,13.396128586069922,AT-Neu
6,1.2741503906249998,1.3004824218750002,0.9920501317554528,10.248731660595537,AT-Neu
7,1.2796259765625,1.3004824218750002,0.9939615512052928,10.846281456616582,AT-Neu
8,1.2924228515625003,1.3004824218750002,0.9955951572279135,8.182575322862654,AT-Neu
9,1.3280449218750001,1.3004824218750002,0.9941103770089025,8.608942509369658,AT-Neu
10,1.4252519531250003,1.3004824218750002,0.9834913180668483,5.1023437586789955,AT-Neu
11,1.6726376953125008,1.3004824218750002,0.9605574711575575,2.9200938014690316,AT-Neu
1,1.2173642578124997,1.2157646484374998,0.9975548896524882,7.067429604744219,AU-How
2,1.237482421875,1.2157646484374998,0.9954665534733055,7.963587960527424,AU-How
3,1.2017373046874997,1.2157646484374998,0.9954712523292983,8.757723983210846,AU-How
4,1.2402509765624998,1.2157646484374998,0.9964893558689667,7.1106775656756955,AU-How
5,1.2272695312499997,1.2157646484374998,0.9949427448974528,5.855757496937261,AU-How
6,1.249294921875,1.2157646484374998,0.9900617530981666,8.73124007746785,AU-How
7,1.2556933593750002,1.2157646484374998,0.9938859894939855,4.273020862104245,AU-How
8,1.26615234375,1.2157646484374998,0.9880456970399664,5.766676621677784,AU-How
9,1.2503408203124997,1.2157646484374998,0.995931353975475,4.014778521350671,AU-How
10,1.2197636718749998,1.2157646484374998,0.9965418670927061,7.097900579680064,AU-How
11,1.2086894531249999,1.2157646484374998,0.9978250280043975,5.894413241841248,AU-How
12,1.2088124999999998,1.2157646484374998,0.9965756992558178,8.913977832213282,AU-How
1,1.2729814453125,1.4968037109375003,0.9889486590293219,12.141412777908762,AU-Tum
2,1.3412724609375002,1.4968037109375003,0.9864311129593135,11.9781333929026,AU-Tum
3,1.4103017578125003,1.4968037109375003,0.9790154247505226,11.239825205616926,AU-Tum
4,1.5022177734375006,1.4968037109375003,0.9842434707426466,6.95810218506927,AU-Tum
5,1.7654150390625012,1.4968037109375003,0.9461020028772897,12.711368153661288,AU-Tum
6,1.969918945312502,1.4968037109375003,0.988173850569286,6.677567255283404,AU-Tum
7,1.9902216796875019,1.4968037109375003,0.9877010807257973,11.137238026679778,AU-Tum
8,1.8772646484375013,1.4968037109375003,0.9612994331542677,16.0790568353567,AU-Tum
9,1.7487421875000009,1.4968037109375003,0.9566243804790331,12.891982230833783,AU-Tum
10,1.693555664062501,1.4968037109375003,0.9345477184403391,25.783752448012613,AU-Tum
11,1.4532451171875005,1.4968037109375003,0.9559081980993408,17.46290198623207,AU-Tum
12,1.4302353515625001,1.4968037109375003,0.9605038749429801,17.456742769512996,AU-Tum
1,2.124342773437502,1.4043339843750002,0.9785392153832504,6.64188289429984,BE-Bra
2,1.731515625000001,1.4043339843750002,0.9835549009916372,2.4774326213768934,BE-Bra
3,1.8452109375000014,1.4043339843750002,0.9828859971305838,5.7945101278423214,BE-Bra
4,1.7412363281250012,1.4043339843750002,0.9787559936441721,10.35191149918931,BE-Bra
5,1.3380117187500002,1.4043339843750002,0.9633914864504217,10.027461254516073,BE-Bra
6,1.4154697265625003,1.4043339843750002,0.9794229134127757,9.775919448252152,BE-Bra
7,1.3652666015625003,1.4043339843750002,0.9832277171216883,10.039193300832311,BE-Bra
8,1.3236152343750003,1.4043339843750002,0.9841837198169723,7.144266563983174,BE-Bra
9,1.4178691406250004,1.4043339843750002,0.9873530167491956,6.959107436656287,BE-Bra
10,1.4860371093750004,1.4043339843750002,0.9852940202506028,5.362905102553801,BE-Bra
11,1.735576171875001,1.4043339843750002,0.9717516347313765,3.3317503124270367,BE-Bra
12,1.768368164062501,1.4043339843750002,0.971584249829966,5.403940267742423,BE-Bra
1,1.9035966796875017,1.3297675781250002,0.994109426723936,2.1384810415275592,BE-Dor
2,1.7993759765625015,1.3297675781250002,0.993613584567927,3.8927359330208477,BE-Dor
3,1.5100312500000004,1.3297675781250002,0.9827985919916148,8.821290599367286,BE-Dor
4,1.3773867187500004,1.3297675781250002,0.9661215366841873,19.990136506055414,BE-Dor
5,1.3317363281250003,1.3297675781250002,0.9884698600569798,14.5192439878566,BE-Dor
6,1.2310839843749999,1.3297675781250002,0.9922207959112995,11.731486702491763,BE-Dor
7,1.2597539062499998,1.3297675781250002,0.9736282947269147,21.297446792129552,BE-Dor
8,1.2173642578124997,1.3297675781250002,0.9940302371477039,8.166680650905334,BE-Dor
9,1.4040263671875004,1.3297675781250002,0.9709968321030372,8.825509349379587,BE-Dor
10,1.4928046875000005,1.3297675781250002,0.981317124366963,5.7260798041388865,BE-Dor
11,1.750833984375001,1.3297675781250002,0.9985797648630726,1.9995279880604115,BE-Dor
12,2.0724785156250016,1.3297675781250002,0.9724204517455765,1.6864584250389278,BE-Dor
1,1.7862099609375015,1.2993134765625003,0.9817265746677557,2.476969175406292,BE-Lon
2,1.6456289062500007,1.2993134765625003,0.9679964250011642,5.953517036174328,BE-Lon
3,1.4776083984375004,1.2993134765625003,0.9851546874966285,7.083041111049718,BE-Lon
4,1.3421953125000003,1.2993134765625003,0.9880196331189425,10.830183162325527,BE-Lon
5,1.3650205078125,1.2993134765625003,0.9880705797634689,9.095177182433524,BE-Lon
6,1.2692900390625002,1.2993134765625003,0.988724968878904,10.732776505642965,BE-Lon
7,1.2630761718749999,1.2993134765625003,0.9913972637481164,9.941297050334384,BE-Lon
8,1.2774111328125,1.2993134765625003,0.9883572351528657,11.599641188437138,BE-Lon
9,1.3049736328125001,1.2993134765625003,0.9898779349105928,8.633530136238324,BE-Lon
10,1.4305429687500002,1.2993134765625003,0.9872766085426983,5.007544614827297,BE-Lon
11,1.5463916015625006,1.2993134765625003,0.9861734424554306,4.060977913288975,BE-Lon
12,1.7867021484375014,1.2993134765625003,0.9946875289329812,1.2003645149082838,BE-Lon
1,2.124896484375003,1.3541308593750003,0.971391889887402,2.203465387486031,BE-Vie
2,1.7947617187500016,1.3541308593750003,0.9643275521781177,2.8583003115690206,BE-Vie
3,1.733607421875001,1.3541308593750003,0.974331247084775,4.749205804274946,BE-Vie
4,1.5855820312500004,1.3541308593750003,0.9707729404135268,6.358411897527363,BE-Vie
5,1.43152734375,1.3541308593750003,0.9849672149711273,7.8968892517248195,BE-Vie
6,1.3638515625000003,1.3541308593750003,0.9813026900197279,8.315776433017694,BE-Vie
7,1.2929765625000003,1.3541308593750003,0.982026269356688,8.824749352109375,BE-Vie
8,1.3172167968750002,1.3541308593750003,0.9785832362631299,8.62023164579172,BE-Vie
9,1.4226064453125002,1.3541308593750003,0.976249496524598,6.773844100154201,BE-Vie
10,1.5177216796875004,1.3541308593750003,0.9612813988289799,5.933549570606727,BE-Vie
11,1.745850585937501,1.3541308593750003,0.982913437668825,2.8949255480341543,BE-Vie
12,1.9635820312500014,1.3541308593750003,0.9402243536622584,3.814611603948971,BE-Vie
1,2.9797646484375058,1.3625595703125004,0.7224195258677959,4.535048637168289,CA-Gro
2,2.7410537109375044,1.3625595703125004,0.8968498762425972,3.6726296675068473,CA-Gro
3,2.6318496093750046,1.3625595703125004,0.9629327609733396,4.4429472182878476,CA-Gro
4,1.9953281250000017,1.3625595703125004,0.9431277445943916,6.779620965740624,CA-Gro
5,1.4876982421875007,1.3625595703125004,0.9421526802972623,9.997166012977445,CA-Gro
6,1.3654511718750002,1.3625595703125004,0.976347186785833,11.055421291004384,CA-Gro
7,1.3123564453125,1.3625595703125004,0.9825581812400962,10.838548145381125,CA-Gro
8,1.3403496093750003,1.3625595703125004,0.9787175973647035,10.79868964160638,CA-Gro
9,1.4504765625000005,1.3625595703125004,0.9496148485811192,13.275056052985116,CA-Gro
10,1.6696230468750008,1.3625595703125004,0.938853416125618,7.9463691244529,CA-Gro
11,2.3119892578125034,1.3625595703125004,0.9428281278534575,3.5342529745045606,CA-Gro
12,2.524798828125003,1.3625595703125004,0.9532473567568769,3.255859835850383,CA-Gro
1,2.292547851562503,1.2938994140625,0.939258985491457,4.601705025315427,CA-TP4
2,2.238099609375003,1.2938994140625,0.9574663562953747,3.9796680449836255,CA-TP4
3,1.5073857421875005,1.2938994140625,0.9265331172959597,8.609391758014569,CA-TP4
4,1.5092314453125004,1.2938994140625,0.9519687161755286,6.1330884963422845,CA-TP4
5,1.4151005859375005,1.2938994140625,0.9689062084897048,7.202092785516981,CA-TP4
6,1.2923613281250002,1.2938994140625,0.9856675093803092,10.540837124482113,CA-TP4
7,1.24991015625,1.2938994140625,0.9882949445379273,10.397805127741572,CA-TP4
8,1.2361289062499998,1.2938994140625,0.9866825075098462,9.910502362937951,CA-TP4
9,1.3231845703125003,1.2938994140625,0.9854420540600163,8.96619556171163,CA-TP4
10,1.5015410156250006,1.2938994140625,0.9652324543315693,8.91855644595907,CA-TP4
11,1.724625000000001,1.2938994140625,0.9665702914812372,5.7354135731160305,CA-TP4
12,2.3246630859375026,1.2938994140625,0.9429286479547472,5.814182951442022,CA-TP4
3,1.9945898437500018,1.4732402343750002,0.9495509790097156,5.798817850048589,CH-Aws
4,1.9779785156250018,1.4732402343750002,0.8839650764947038,51.76817318404776,CH-Aws
5,1.5500830078125003,1.4732402343750002,0.9406123906040329,29.736696273473257,CH-Aws
6,1.5246123046875004,1.4732402343750002,0.9556350930956541,23.307713336793,CH-Aws
7,1.4008886718750002,1.4732402343750002,0.96280973100813,24.89708476981777,CH-Aws
8,1.3359814453125,1.4732402343750002,0.9781812675500206,16.715179025129498,CH-Aws
9,1.5837363281250005,1.4732402343750002,0.915400627020533,32.7089380897822,CH-Aws
10,1.659225585937501,1.4732402343750002,0.9794371578826567,12.91417057849225,CH-Aws
1,2.2490507812500025,1.3327822265625002,0.8725019086869141,9.682453240116107,CH-Cha
2,1.8923994140625013,1.3327822265625002,0.9329065947107611,9.34878706965242,CH-Cha
3,1.6156669921875007,1.3327822265625002,0.951857670670306,11.447395778771012,CH-Cha
4,1.4723789062500003,1.3327822265625002,0.9646404310819616,15.817005379698617,CH-Cha
5,1.4025498046875002,1.3327822265625002,0.9824157144491797,12.991629785167486,CH-Cha
6,1.2960527343750001,1.3327822265625002,0.986193238876675,14.992573747073589,CH-Cha
7,1.2852861328124998,1.3327822265625002,0.9884515999494103,14.325957062125864,CH-Cha
8,1.313033203125,1.3327822265625002,0.984637085223834,12.189049037673675,CH-Cha
9,1.4008886718750002,1.3327822265625002,0.9887134231900273,8.320348798496957,CH-Cha
10,1.5175986328125002,1.3327822265625002,0.9662774891654886,9.576009258231785,CH-Cha
11,1.7799345703125011,1.3327822265625002,0.9501320506148668,7.9731635681989825,CH-Cha
12,2.0167998046875013,1.3327822265625002,0.9648765011419691,3.5672197713358336,CH-Cha
1,2.148090820312502,1.6116679687500008,0.9507423472331694,18.720361443422895,CH-Dav
2,2.217243164062503,1.6116679687500008,0.9825769990922635,10.682342048847822,CH-Dav
3,1.9725029296875016,1.6116679687500008,0.9826920821317894,18.314724397514993,CH-Dav
4,1.8516093750000013,1.6116679687500008,0.9810540255689588,18.676783490980984,CH-Dav
5,1.716442382812501,1.6116679687500008,0.972847828444885,24.847610126460754,CH-Dav
6,1.6192968750000005,1.6116679687500008,0.9758236569389425,24.549550079171137,CH-Dav
7,1.5007412109375005,1.6116679687500008,0.9827251668794514,22.82560209342585,CH-Dav
8,1.4833916015625004,1.6116679687500008,0.9814298127796094,22.302214754023897,CH-Dav
9,1.5897041015625004,1.6116679687500008,0.9659893632948622,19.35106479265769,CH-Dav
10,1.689741210937501,1.6116679687500008,0.9639084795614365,27.629440112172624,CH-Dav
11,2.0093554687500013,1.6116679687500008,0.9754657826868309,13.992976039030752,CH-Dav
12,2.4162714843750033,1.6116679687500008,0.9634435883926207,14.582060446243844,CH-Dav
1,2.013846679687502,1.3781865234375004,0.9427172090599444,8.187327493935472,CH-Fru
2,2.072724609375002,1.3781865234375004,0.9609109584985166,7.169725896005068,CH-Fru
3,1.773290039062501,1.3781865234375004,0.9493150942469443,8.100260422538454,CH-Fru
4,1.5533437500000002,1.3781865234375004,0.9591377510782451,14.187471115948448,CH-Fru
5,1.43201953125,1.3781865234375004,0.9743218321086735,14.01757534833499,CH-Fru
6,1.30601953125,1.3781865234375004,0.9809861991375051,16.160023303236137,CH-Fru
7,1.325953125,1.3781865234375004,0.9848133618576786,13.304202830228208,CH-Fru
8,1.3555458984375002,1.3781865234375004,0.9785253922587572,12.722332900922192,CH-Fru
9,1.4297431640625002,1.3781865234375004,0.984403823850684,9.424438289557989,CH-Fru
10,1.5383320312500004,1.3781865234375004,0.9661948603791277,14.367436684219388,CH-Fru
11,1.748250000000001,1.3781865234375004,0.9561689383539519,9.13696280370172,CH-Fru
12,2.3879091796875036,1.3781865234375004,0.9640788626122649,7.387083053900608,CH-Fru
1,2.2483125000000026,1.5364863281250005,0.9696679726055434,20.802962986925294,CH-Lae
2,2.1750380859375023,1.5364863281250005,0.9747491094986203,23.4626321205969,CH-Lae
3,1.9771171875000015,1.5364863281250005,0.9859764652543361,20.45010816756635,CH-Lae
4,1.7780273437500012,1.5364863281250005,0.9855058308000446,16.391007019898055,CH-Lae
5,1.5676787109375003,1.5364863281250005,0.9751125401718987,29.849586300937876,CH-Lae
6,1.4378642578125,1.5364863281250005,0.9717947933467389,27.641323145651228,CH-Lae
7,1.4221142578125,1.5364863281250005,0.9785446864612658,25.761342320997052,CH-Lae
8,1.433865234375,1.5364863281250005,0.9785116054954586,23.302467694360104,CH-Lae
9,1.5180908203125,1.5364863281250005,0.9857822356007312,18.836227244435857,CH-Lae
10,1.6813125000000009,1.5364863281250005,0.9785226807535777,20.2538315976536,CH-Lae
11,1.9770556640625014,1.5364863281250005,0.9652534979958393,19.249766461147534,CH-Lae
12,2.173869140625002,1.5364863281250005,0.9767381705792268,16.537342082475686,CH-Lae
1,1.9657353515625018,1.3835390625000006,0.9374006607443401,8.370860243841632,CH-Oe2
2,1.9308515625000018,1.3835390625000006,0.9627820435434447,6.029971773085247,CH-Oe2
3,1.6852500000000008,1.3835390625000006,0.9541589119724254,12.21770639351227,CH-Oe2
4,1.4025498046875002,1.3835390625000006,0.981172353021395,14.428148182766405,CH-Oe2
5,1.3551152343750001,1.3835390625000006,0.9777715016320607,20.44277426900512,CH-Oe2
6,1.3386884765625,1.3835390625000006,0.982425097060241,15.092356244526433,CH-Oe2
7,1.3457636718750001,1.3835390625000006,0.9826755816419308,11.977190181325895,CH-Oe2
8,1.4018115234375004,1.3835390625000006,0.9886496341014491,7.458436930862685,CH-Oe2
9,1.4063027343750003,1.3835390625000006,0.9773476835549846,11.289884932285956,CH-Oe2
10,1.5943183593750005,1.3835390625000006,0.9735343245353815,8.82344590919366,CH-Oe2
11,1.6399687500000009,1.3835390625000006,0.9718882101719101,8.6046236737467,CH-Oe2
12,2.1065625000000026,1.3835390625000006,0.9170059534826256,5.391796506435313,CH-Oe2
1,2.228378906250003,1.3322900390625003,0.9908515322856468,3.096157051807601,CZ-BK1
2,2.1589804687500025,1.3322900390625003,0.9637573257672591,3.1657371806831853,CZ-BK1
3,1.5757998046875006,1.3322900390625003,0.9522513668506414,7.15265913032611,CZ-BK1
4,1.4705332031250002,1.3322900390625003,0.9211861198104054,13.815350853912562,CZ-BK1
5,1.4168232421875007,1.3322900390625003,0.9763144051422713,9.314232739945759,CZ-BK1
6,1.3281679687500003,1.3322900390625003,0.9782437033569921,9.209245807501592,CZ-BK1
7,1.2681826171875001,1.3322900390625003,0.9783521393525587,9.434813710454463,CZ-BK1
8,1.2520634765624998,1.3322900390625003,0.9775184392675247,10.002891982403938,CZ-BK1
9,1.2501562499999999,1.3322900390625003,0.9761867519988274,10.139340193804674,CZ-BK1
10,1.5571582031250004,1.3322900390625003,0.9127420148702998,9.64976806001775,CZ-BK1
11,1.7844257812500013,1.3322900390625003,0.9586987777790685,3.4956071228101635,CZ-BK1
12,2.035810546875002,1.3322900390625003,0.9894344166695501,3.5232222824607473,CZ-BK1
1,2.246835937500003,1.270458984375,0.9902313689190931,2.216283505397328,CZ-Stn
3,1.8005449218750016,1.270458984375,0.9806703926787134,1.5273479154436274,CZ-Stn
4,1.5294726562500003,1.270458984375,0.9808166286915849,5.539392484019766,CZ-Stn
5,1.3777558593750003,1.270458984375,0.9707586154863906,8.133965598821908,CZ-Stn
6,1.2729814453125,1.270458984375,0.9807215251327601,10.918049843069737,CZ-Stn
7,1.2505869140624997,1.270458984375,0.9841418372477748,11.223644889519491,CZ-Stn
8,1.2615380859375,1.270458984375,0.9734306287989912,11.428337940743038,CZ-Stn
9,1.3199238281250003,1.270458984375,0.9775868864418018,10.053255524772077,CZ-Stn
10,1.5211669921875006,1.270458984375,0.9526484617748946,7.115572867818617,CZ-Stn
11,1.9449404296875015,1.270458984375,0.9116473800334354,6.5782845283333895,CZ-Stn
12,2.1015175781250024,1.270458984375,0.8034517291811418,9.356044178783032,CZ-Stn
4,1.5077548828125003,1.2456650390625001,0.9469160680273467,4.596144586714058,CZ-wet
5,1.3340126953125,1.2456650390625001,0.989420812822871,5.77244093691958,CZ-wet
6,1.2819638671875002,1.2456650390625001,0.9901371788330435,5.642466303929521,CZ-wet
7,1.235021484375,1.2456650390625001,0.9866848295306494,8.850072353329473,CZ-wet
8,1.2078896484375,1.2456650390625001,0.9888616487944912,8.791130581940292,CZ-wet
9,1.2524941406249999,1.2456650390625001,0.9922432034980152,4.548356185464942,CZ-wet
1,2.259079101562503,1.4130087890625003,0.9833098393632927,4.361549521381995,DE-Akm
2,1.9587832031250019,1.4130087890625003,0.975681030883428,4.435999285961406,DE-Akm
3,1.8200478515625016,1.4130087890625003,0.9772075952437784,5.609331852297987,DE-Akm
4,1.8060205078125011,1.4130087890625003,0.9958005636936029,6.45219391152804,DE-Akm
5,1.4610585937500002,1.4130087890625003,0.9512146703226155,14.131160338278953,DE-Akm
6,1.4327578125000002,1.4130087890625003,0.9827193262414048,9.449019765766442,DE-Akm
7,1.3319208984375002,1.4130087890625003,0.9759399355544239,12.135933316650712,DE-Akm
8,1.3500087890625,1.4130087890625003,0.9791441790931514,10.64819225665736,DE-Akm
9,1.4687490234375002,1.4130087890625003,0.9783366182700329,9.129145578332817,DE-Akm
10,1.7077060546875011,1.4130087890625003,0.9776691459995897,4.855564152565343,DE-Akm
11,1.9811777343750017,1.4130087890625003,0.9686889423956687,9.243008698213842,DE-Akm
12,1.9488779296875016,1.4130087890625003,0.9434358756958743,11.006402253713912,DE-Akm
1,2.025597656250002,1.2945146484375,0.9227872281646298,19.901937493620288,DE-Geb
2,1.8806484375000014,1.2945146484375,0.9927813793614224,6.287615806741088,DE-Geb
3,1.6736220703125007,1.2945146484375,0.9852917597293668,6.159863336743476,DE-Geb
4,1.3657587890625003,1.2945146484375,0.988009572526998,8.494449813705927,DE-Geb
5,1.3164785156250003,1.2945146484375,0.9876551003587298,12.450908754454273,DE-Geb
6,1.2718740234375,1.2945146484375,0.988846935381047,11.654878285728358,DE-Geb
7,1.240189453125,1.2945146484375,0.986165704384873,12.003390748947345,DE-Geb
8,1.3044814453125002,1.2945146484375,0.9902346610114844,9.18668904171723,DE-Geb
9,1.3149404296875002,1.2945146484375,0.9898175002075943,7.393587964150608,DE-Geb
10,1.4208222656250002,1.2945146484375,0.9812659542008141,7.529560626531635,DE-Geb
11,1.5553740234375004,1.2945146484375,0.9750012872378342,5.291390673788644,DE-Geb
12,1.9388496093750016,1.2945146484375,0.9776232590643387,4.758734294303644,DE-Geb
1,1.9215615234375014,1.2843017578125,0.9070726938227375,4.605971361596717,DE-Gri
2,1.778273437500001,1.2843017578125,0.958507890469338,4.412002340738385,DE-Gri
3,1.5993632812500005,1.2843017578125,0.9598971203320797,5.294769389119985,DE-Gri
4,1.3589296875000003,1.2843017578125,0.984507045268552,9.046880390724615,DE-Gri
5,1.3317363281250003,1.2843017578125,0.9755437630539744,13.731821283595732,DE-Gri
6,1.2602460937500002,1.2843017578125,0.9893140573425919,11.349839095356547,DE-Gri
7,1.2596308593749999,1.2843017578125,0.9919125674020771,9.578999660904651,DE-Gri
8,1.254708984375,1.2843017578125,0.9910230675208498,9.300261568046876,DE-Gri
9,1.3444101562500004,1.2843017578125,0.9772504528485033,9.67436388175876,DE-Gri
10,1.4277128906250003,1.2843017578125,0.9749332373349803,6.107540120677139,DE-Gri
11,1.5525439453125003,1.2843017578125,0.9640045992753116,4.379980014342634,DE-Gri
12,1.9341123046875017,1.2843017578125,0.9811190793783512,4.197596672318498,DE-Gri
1,2.0739550781250022,1.3147558593750002,0.9544655021111226,7.75753473361682,DE-Hai
2,1.8563466796875017,1.3147558593750002,0.9605050206744383,8.7229652501311,DE-Hai
3,1.7751357421875014,1.3147558593750002,0.969374270321826,7.010279064782333,DE-Hai
4,1.5123691406250004,1.3147558593750002,0.9635250909217953,9.576110975588778,DE-Hai
5,1.4292509765625003,1.3147558593750002,0.971549752798071,9.36396322124946,DE-Hai
6,1.3368427734375001,1.3147558593750002,0.9761760351403428,12.390042166334105,DE-Hai
7,1.273412109375,1.3147558593750002,0.9731816640796342,11.318110466791834,DE-Hai
8,1.26566015625,1.3147558593750002,0.9793167534054174,10.111664308014518,DE-Hai
9,1.3521621093750003,1.3147558593750002,0.971247090966356,9.5158757877053,DE-Hai
10,1.5137226562500006,1.3147558593750002,0.9617345298131538,7.529053949571265,DE-Hai
11,1.733176757812501,1.3147558593750002,0.9686060591304018,6.148828817125471,DE-Hai
12,1.9694882812500016,1.3147558593750002,0.9435677765538304,7.326456863634922,DE-Hai
5,1.4079023437500005,1.26369140625,0.9624628345253223,8.380368933795847,DE-Hzd
6,1.2520634765624998,1.26369140625,0.9890115817572654,12.294324722350932,DE-Hzd
7,1.3287216796875003,1.26369140625,0.9770113027875269,8.994927037803295,DE-Hzd
8,1.3567763671875004,1.26369140625,0.96940924727924,8.422139858504627,DE-Hzd
9,1.4870214843750003,1.26369140625,0.9766151104373229,9.095293244396636,DE-Hzd
10,1.6013320312500001,1.26369140625,0.9589556695256543,12.19846338240286,DE-Hzd
1,1.9256835937500014,1.3624980468750003,0.9720125203509211,4.724537836520099,DE-Kli
2,2.1753457031250027,1.3624980468750003,0.8631050010573552,17.6906756141914,DE-Kli
3,1.8386279296875014,1.3624980468750003,0.9594400870890287,18.127504315293656,DE-Kli
4,1.5017871093750006,1.3624980468750003,0.95089847578761,17.596253149909767,DE-Kli
5,1.3434873046875002,1.3624980468750003,0.9811619861750701,15.038457366840566,DE-Kli
6,1.3208466796875005,1.3624980468750003,0.9810468437286756,16.053202052073907,DE-Kli
7,1.28928515625,1.3624980468750003,0.9842892639072741,14.427251835402183,DE-Kli
8,1.3574531250000004,1.3624980468750003,0.9848214061902292,11.26737550055221,DE-Kli
9,1.4864062500000004,1.3624980468750003,0.9842366873563916,8.716130837128397,DE-Kli
10,1.4663496093750006,1.3624980468750003,0.9845500401199156,8.726564051811357,DE-Kli
11,1.733853515625001,1.3624980468750003,0.9535372625370381,6.298701616570678,DE-Kli
12,2.1169599609375025,1.3624980468750003,0.9901044640572063,5.167146516269782,DE-Kli
1,1.8947988281250017,1.29912890625,0.9760413430749147,3.7901994854700565,DE-Lnf
2,1.7947001953125015,1.29912890625,0.9937928015820182,1.6599142986764943,DE-Lnf
3,1.6051464843750003,1.29912890625,0.9903294035560486,2.724835188465271,DE-Lnf
4,1.5148916015625002,1.29912890625,0.9599487313458289,6.420326357122767,DE-Lnf
5,1.4329423828125,1.29912890625,0.9717735870309604,8.581420019824424,DE-Lnf
6,1.266275390625,1.29912890625,0.9716423616521547,12.777952669308824,DE-Lnf
7,1.2814716796875003,1.29912890625,0.9707448947273847,10.773151248113926,DE-Lnf
8,1.2943916015625003,1.29912890625,0.9664426803221571,12.078978637368182,DE-Lnf
9,1.3336435546875003,1.29912890625,0.9589214110455053,9.881090553863483,DE-Lnf
10,1.5204287109375003,1.29912890625,0.9572633166952708,5.264409495298501,DE-Lnf
11,1.5717392578125002,1.29912890625,0.9555205882508044,3.5159420003020725,DE-Lnf
12,2.126619140625002,1.29912890625,0.957094527092643,2.267325692415106,DE-Lnf
1,2.2119521484375033,1.5487294921875008,0.990315412746577,8.416650370950608,DE-Obe
2,2.0302734375000018,1.5487294921875008,0.9946381734250616,9.85266269989755,DE-Obe
3,1.7937158203125012,1.5487294921875008,0.940839545655044,14.58337079538558,DE-Obe
4,1.720195312500001,1.5487294921875008,0.9818148947755078,27.309752881141222,DE-Obe
5,1.5219667968750004,1.5487294921875008,0.9818617703840061,13.375829302743261,DE-Obe
6,1.4539833984375004,1.5487294921875008,0.9683696925514282,14.396631358617288,DE-Obe
7,1.3897529296875004,1.5487294921875008,0.9882001895363961,12.360183801258971,DE-Obe
8,1.3586220703125003,1.5487294921875008,0.9815620747382401,13.147981372814318,DE-Obe
9,1.4505996093750004,1.5487294921875008,0.9789705814534372,13.058343494932018,DE-Obe
10,1.757970703125001,1.5487294921875008,0.9736713502136664,15.297498029638149,DE-Obe
11,1.8979980468750015,1.5487294921875008,0.9948989296380235,9.619134156919221,DE-Obe
12,2.217243164062503,1.5487294921875008,0.9925006501368393,9.63102362243999,DE-Obe
1,1.9670273437500017,1.4021191406250002,0.9759557364312736,2.773078160054354,DE-RuR
2,1.8578232421875014,1.4021191406250002,0.9424976535733652,5.919100562023113,DE-RuR
3,1.6319091796875007,1.4021191406250002,0.9477583883203078,8.286971165096082,DE-RuR
4,1.4333730468750001,1.4021191406250002,0.9764291927003963,10.25262647851443,DE-RuR
5,1.4350957031250002,1.4021191406250002,0.9854308787046822,8.26167579699681,DE-RuR
6,1.3757255859375004,1.4021191406250002,0.9827502917502722,8.665089837583094,DE-RuR
7,1.3156171875,1.4021191406250002,0.9879586593796938,10.37126576223448,DE-RuR
8,1.3445332031250004,1.4021191406250002,0.9820536923292867,11.164834274927323,DE-RuR
9,1.433865234375,1.4021191406250002,0.9744257904043937,8.61003382567538,DE-RuR
10,1.4963115234375004,1.4021191406250002,0.9782749250885578,6.760629733481198,DE-RuR
11,1.6226191406250006,1.4021191406250002,0.9649328036915684,5.404426636186286,DE-RuR
12,1.971026367187502,1.4021191406250002,0.9752768205414686,2.4752603271842535,DE-RuR
1,1.8880312500000014,1.4273437500000004,0.9879217693200234,2.729577500868362,DE-RuS
2,1.8308759765625013,1.4273437500000004,0.9704651788492742,5.522673078422553,DE-RuS
3,1.705737304687501,1.4273437500000004,0.9742153792118375,6.848467204943927,DE-RuS
4,1.5043710937500006,1.4273437500000004,0.9787950278083313,11.9253432863392,DE-RuS
5,1.4699794921875005,1.4273437500000004,0.9843789293731386,10.115915859165481,DE-RuS
6,1.3855078125000002,1.4273437500000004,0.9874603974438055,12.737040206804652,DE-RuS
7,1.3401650390625002,1.4273437500000004,0.9936853300297657,9.659605376545143,DE-RuS
8,1.3862460937500005,1.4273437500000004,0.9842429075342921,12.728525418081103,DE-RuS
9,1.4810537109375006,1.4273437500000004,0.9845502347337406,6.513132306757671,DE-RuS
10,1.5670634765625002,1.4273437500000004,0.9908281649400734,6.27780756537469,DE-RuS
11,1.6313554687500007,1.4273437500000004,0.9808789018662897,6.636182961025274,DE-RuS
12,1.8810175781250014,1.4273437500000004,0.9872927859763789,2.7737307022027204,DE-RuS
1,2.1926953125000024,1.6954628906250007,0.9720208830238122,7.759349981153138,DE-RuW
2,2.145875976562502,1.6954628906250007,0.9594240761703074,11.970447560472921,DE-RuW
3,1.9857304687500017,1.6954628906250007,0.9853706850336851,12.986486105328927,DE-RuW
4,1.8074355468750014,1.6954628906250007,0.9608470192498754,17.540517882716678,DE-RuW
5,1.708998046875001,1.6954628906250007,0.9853106184522094,13.454771311466226,DE-RuW
6,1.6068691406250004,1.6954628906250007,0.9914395915773115,11.645513887978618,DE-RuW
7,1.4962500000000003,1.6954628906250007,0.9835369431349333,20.817262272678427,DE-RuW
8,1.4819150390625002,1.6954628906250007,0.98967179120899,10.981355698405338,DE-RuW
9,1.6220039062500007,1.6954628906250007,0.9852447715998438,12.58158954563093,DE-RuW
10,1.733422851562501,1.6954628906250007,0.9674782171021283,12.915209422354657,DE-RuW
11,1.8797871093750016,1.6954628906250007,0.9588447789724521,10.2074235569473,DE-RuW
12,2.089766601562503,1.6954628906250007,0.9530660322598946,8.880113555145423,DE-RuW
1,2.105208984375003,1.5371015625000006,0.9323034929743802,10.099699394192282,DE-Tha
2,2.1528281250000028,1.5371015625000006,0.9620405574447237,13.598764672126821,DE-Tha
3,1.8029443359375015,1.5371015625000006,0.9720160295473959,9.57712072904842,DE-Tha
4,1.6741142578125006,1.5371015625000006,0.9623081584161932,14.486549090990819,DE-Tha
5,1.5303339843750001,1.5371015625000006,0.9772017678022707,14.411813603526573,DE-Tha
6,1.5344560546875003,1.5371015625000006,0.9788204122201858,15.258822987622754,DE-Tha
7,1.3842773437500004,1.5371015625000006,0.979668958159241,10.960530868715177,DE-Tha
8,1.3580068359375006,1.5371015625000006,0.9707387875455712,11.306518854370776,DE-Tha
9,1.4906513671875006,1.5371015625000006,0.9880142967426279,11.60671658494437,DE-Tha
10,1.6078535156250007,1.5371015625000006,0.9743507066700217,10.88253071705535,DE-Tha
11,1.8063281250000014,1.5371015625000006,0.9647091912679773,9.2667748677356,DE-Tha
12,2.0841679687500023,1.5371015625000006,0.8467952996671602,12.048912150258566,DE-Tha
1,2.2948857421875024,1.4897900390625005,0.9733662254846515,3.0455319411747213,DK-Sor
2,2.0057871093750013,1.4897900390625005,0.9790750142674388,6.0432326821309745,DK-Sor
3,1.9683808593750018,1.4897900390625005,0.9804497535028062,6.207934475057289,DK-Sor
4,1.7211796875000012,1.4897900390625005,0.9760588349644356,9.40567016647262,DK-Sor
5,1.6168974609375004,1.4897900390625005,0.9881408000576088,9.281097336527344,DK-Sor
6,1.5070166015625004,1.4897900390625005,0.9870407071362065,10.736778746234952,DK-Sor
7,1.4402636718750002,1.4897900390625005,0.9881704265124283,12.108987285979994,DK-Sor
8,1.4540449218750005,1.4897900390625005,0.9900722395396993,10.851699742792254,DK-Sor
9,1.4970498046875003,1.4897900390625005,0.9843398031146342,10.0121137820873,DK-Sor
10,1.6332626953125007,1.4897900390625005,0.9889117454647487,6.617584055032895,DK-Sor
11,1.9123330078125012,1.4897900390625005,0.9864876284584777,2.6740411210908794,DK-Sor
12,2.0834296875000025,1.4897900390625005,0.9597917022572514,2.575069613877779,DK-Sor
1,1.4710869140625,1.3478554687500002,0.9717643351853206,4.095551955770626,ES-Agu
2,1.3899375000000003,1.3478554687500002,0.9813094580315641,3.619906145247113,ES-Agu
3,1.3937519531250004,1.3478554687500002,0.9566892903471925,5.4372706961191115,ES-Agu
4,1.2867626953125,1.3478554687500002,0.9710358830577706,5.935254146597705,ES-Agu
5,1.3794785156250005,1.3478554687500002,0.985953012744534,5.0003457127927184,ES-Agu
6,1.2441884765625,1.3478554687500002,0.9863539231247886,1.9820067550411713,ES-Agu
7,1.193923828125,1.3478554687500002,0.9808747647035818,3.4195061642785007,ES-Agu
8,1.2113964843749996,1.3478554687500002,0.9812000855085052,4.747077371250117,ES-Agu
9,1.1649462890624998,1.3478554687500002,0.9798829797853617,5.0171273074161595,ES-Agu
10,1.2391435546874998,1.3478554687500002,0.9769987200206717,4.582882671127146,ES-Agu
11,1.3312441406250002,1.3478554687500002,0.9708812900537136,5.498691667989906,ES-Agu
12,1.4093173828125,1.3478554687500002,0.9846946462833738,2.8424999085174765,ES-Agu
1,1.4972958984375002,1.4466621093750003,0.9728032497164943,3.462098450423924,ES-LJu
2,1.678236328125001,1.4466621093750003,0.9577539956495118,7.032408074331422,ES-LJu
3,1.5996708984375005,1.4466621093750003,0.9686105267970537,4.129967527849196,ES-LJu
4,1.5426386718750003,1.4466621093750003,0.9564267868202595,5.527277700745178,ES-LJu
5,1.3711113281250005,1.4466621093750003,0.9739029624914813,5.164482095445761,ES-LJu
6,1.1747285156249998,1.4466621093750003,0.9685160929797941,5.211071658897764,ES-LJu
7,1.1112978515625,1.4466621093750003,0.9789181996780028,3.900959641315954,ES-LJu
8,1.1216953125,1.4466621093750003,0.9866963182979528,3.2514029124952772,ES-LJu
9,1.2902080078124998,1.4466621093750003,0.9777979115228714,6.01937542140598,ES-LJu
10,1.3207236328125003,1.4466621093750003,0.9709421717700274,4.997735290864918,ES-LJu
11,1.4843144531250003,1.4466621093750003,0.9691813928899687,3.1770723027361263,ES-LJu
12,1.4488769531250003,1.4466621093750003,0.9490648874773082,4.518304254671214,ES-LJu
1,2.6433544921875036,1.4713330078125,0.9558392447268808,1.8895381619875338,FI-Hyy
2,2.415410156250003,1.4713330078125,0.9523070566305536,3.692423106270975,FI-Hyy
3,2.217058593750003,1.4713330078125,0.9720530553227427,4.0342182003532745,FI-Hyy
4,1.9232226562500014,1.4713330078125,0.9589377825369692,4.795680168943677,FI-Hyy
5,1.6314785156250007,1.4713330078125,0.9658105811321197,6.444191432720092,FI-Hyy
6,1.5116308593750005,1.4713330078125,0.975857655357051,7.30382231498386,FI-Hyy
7,1.3941826171875005,1.4713330078125,0.9836443857839671,6.970809468228379,FI-Hyy
8,1.4184843750000002,1.4713330078125,0.9840809405989522,6.7976268432246085,FI-Hyy
9,1.5538974609375003,1.4713330078125,0.9761670945235026,5.683644139303575,FI-Hyy
10,1.8689589843750014,1.4713330078125,0.9672617879546667,4.212362781791127,FI-Hyy
11,2.1162832031250023,1.4713330078125,0.9428381762489318,3.1787634730296808,FI-Hyy
12,2.4736113281250036,1.4713330078125,0.9069321030657844,3.0117690052299975,FI-Hyy
1,3.2526826171875065,1.2904541015625002,0.9530787605066697,17.23828517122149,FI-Let
2,2.614746093750004,1.2904541015625002,0.9681705215512062,6.679320180895586,FI-Let
3,2.1725156250000026,1.2904541015625002,0.9694167207971368,6.424410692646055,FI-Let
4,1.7933466796875015,1.2904541015625002,0.9675842650105888,6.981692969791206,FI-Let
5,1.4296201171875005,1.2904541015625002,0.978303853894579,9.235493748771695,FI-Let
6,1.30405078125,1.2904541015625002,0.9811699025845385,15.538422769745186,FI-Let
7,1.2651064453125,1.2904541015625002,0.983094615192566,13.116107463024564,FI-Let
8,1.253232421875,1.2904541015625002,0.987708652277373,13.193492350062918,FI-Let
9,1.4254980468750003,1.2904541015625002,0.9831290199316433,7.583455458846425,FI-Let
10,1.738406250000001,1.2904541015625002,0.9470041816919282,9.305016490823803,FI-Let
11,1.9717031250000017,1.2904541015625002,0.9414481442879676,3.756765600596359,FI-Let
12,2.1442763671875023,1.2904541015625002,0.990538988277024,1.5690749781107305,FI-Let
1,2.4718271484375034,1.5230126953125005,0.948776285080011,1.7829488684762596,FI-Sod
4,2.045900390625002,1.5230126953125005,0.991438325512056,1.604593038925266,FI-Sod
5,1.9110410156250015,1.5230126953125005,0.9531326117605743,4.118939228629561,FI-Sod
6,1.5406699218750004,1.5230126953125005,0.9799721364132635,5.244201041443438,FI-Sod
7,1.3937519531250004,1.5230126953125005,0.9824997068637412,5.928277975221947,FI-Sod
8,1.4526914062500005,1.5230126953125005,0.9661761938532464,6.624437671969504,FI-Sod
9,1.5971484375000005,1.5230126953125005,0.9610023993044983,5.951025245607595,FI-Sod
10,1.9108564453125014,1.5230126953125005,0.9723401600194309,2.917599827750162,FI-Sod
11,1.9635820312500014,1.5230126953125005,0.9866042331511617,2.743076890062233,FI-Sod
12,2.262955078125003,1.5230126953125005,0.9317812322382658,2.9029882359853745,FI-Sod
1,1.726962890625001,1.3906142578125,0.9805188111093215,4.822711530179301,FR-Aur
2,1.6623632812500007,1.3906142578125,0.9718984865099642,7.784607854571847,FR-Aur
3,1.5505751953125002,1.3906142578125,0.9675832394737424,12.045578917251111,FR-Aur
4,1.4008271484375001,1.3906142578125,0.9750016854324731,13.028901343938148,FR-Aur
5,1.3592988281250005,1.3906142578125,0.9786861673925203,11.023614096590958,FR-Aur
6,1.2900234375,1.3906142578125,0.9910252403545117,9.875360395565714,FR-Aur
7,1.2802412109375,1.3906142578125,0.9899488262488876,9.922723056418555,FR-Aur
8,1.3066347656250004,1.3906142578125,0.9900470022564938,5.898087017308332,FR-Aur
9,1.3842773437500004,1.3906142578125,0.9898303944924064,6.956607155411518,FR-Aur
10,1.4152236328125003,1.3906142578125,0.9885086656836441,5.852818747385573,FR-Aur
11,1.6876494140625007,1.3906142578125,0.927057872123763,15.075731436851445,FR-Aur
12,1.8529628906250013,1.3906142578125,0.9684168439323497,7.766659733976514,FR-Aur
1,1.6341240234375007,1.3836005859375007,0.9586149855023601,7.705966705654546,FR-FBn
2,1.688387695312501,1.3836005859375007,0.9768204020657024,8.16692995387752,FR-FBn
3,1.5479296875000004,1.3836005859375007,0.9591610495238957,8.909529827581387,FR-FBn
4,1.4544755859375007,1.3836005859375007,0.9735222149296,9.159813897892688,FR-FBn
5,1.3343203125,1.3836005859375007,0.9717558834727162,11.499387648798066,FR-FBn
6,1.2945761718750002,1.3836005859375007,0.9775994834740386,10.711651818386573,FR-FBn
7,1.233052734375,1.3836005859375007,0.9827967626802293,6.3538638373499445,FR-FBn
8,1.2813486328125,1.3836005859375007,0.9866814039822115,10.015901979718238,FR-FBn
9,1.3075576171875003,1.3836005859375007,0.982914011829789,8.105321239325177,FR-FBn
10,1.3505009765625,1.3836005859375007,0.9819387562348072,9.082867938059694,FR-FBn
11,1.4475234375000001,1.3836005859375007,0.9717085018787218,8.46798430533311,FR-FBn
12,1.5839208984375004,1.3836005859375007,0.9692566158689926,6.665582205015682,FR-FBn
1,1.732007812500001,1.655349609375001,0.9895209300605279,3.1286833188348937,FR-LBr
2,1.7780273437500012,1.655349609375001,0.9883054981320276,4.835356567788401,FR-LBr
3,1.6399072265625008,1.655349609375001,0.9669909698234047,11.367264149778103,FR-LBr
7,1.4095634765625005,1.655349609375001,0.9990167968206521,2.0919310087382486,FR-LBr
10,1.4864062500000004,1.655349609375001,0.9936359009439938,2.627815409081965,FR-LBr
11,1.5967792968750005,1.655349609375001,0.913891375762833,12.28815483319531,FR-LBr
12,1.7968535156250016,1.655349609375001,0.9928214523356916,2.8859123162059617,FR-LBr
1,1.7502802734375011,1.3417646484375,0.9806394891827569,3.666839112414514,FR-Lam
2,1.6859267578125006,1.3417646484375,0.9852413496213261,5.529514182198441,FR-Lam
3,1.5790605468750003,1.3417646484375,0.9754620927110881,10.382452481000328,FR-Lam
4,1.4177460937500004,1.3417646484375,0.9838696633625461,16.854651571611274,FR-Lam
5,1.4067333984375003,1.3417646484375,0.9881271035299543,13.62217007450188,FR-Lam
6,1.3054658203125,1.3417646484375,0.9917561753391338,9.74114035746737,FR-Lam
7,1.229484375,1.3417646484375,0.9962397293419991,9.051797076112829,FR-Lam
8,1.2264082031249999,1.3417646484375,0.9943550216241491,10.9821395677489,FR-Lam
9,1.3597910156250006,1.3417646484375,0.9776117684147523,8.712013562339834,FR-Lam
10,1.4784697265625004,1.3417646484375,0.9854873383071976,5.054387770277441,FR-Lam
11,1.5762919921875005,1.3417646484375,0.9810437138900333,5.432583496644268,FR-Lam
12,1.7332382812500011,1.3417646484375,0.9814172525827184,5.021754471532203,FR-Lam
1,1.2574160156250003,1.06730859375,0.9723842608886489,5.851348081635155,IL-Yat
2,1.2476953124999999,1.06730859375,0.9510599325435082,9.257628808107253,IL-Yat
3,0.9697324218749996,1.06730859375,0.9026095343361018,13.690713503701357,IL-Yat
4,1.0676162109375,1.06730859375,0.9444336558038543,10.23274100165873,IL-Yat
5,1.0046162109374999,1.06730859375,0.9775963703271251,3.00526305292938,IL-Yat
6,1.1098828125,1.06730859375,0.9454037936162081,7.1519700361495,IL-Yat
7,0.9771767578124998,1.06730859375,0.9825780429815285,5.794309550082653,IL-Yat
8,0.8664960937499997,1.06730859375,0.9656170848055214,6.843939707265496,IL-Yat
9,0.9864052734374997,1.06730859375,0.9797490311448763,2.169487227954749,IL-Yat
10,1.1521494140625,1.06730859375,0.9755923541095523,3.775642249459899,IL-Yat
12,1.0030781249999998,1.06730859375,0.9167308625047487,5.883372985204033,IL-Yat
1,1.5812138671875005,1.2883623046875,0.9703701668880451,8.294264380212534,IT-BCi
2,1.5425771484375002,1.2883623046875,0.9688113704791489,10.379132667768497,IT-BCi
3,1.4601972656250004,1.2883623046875,0.975797276141064,12.062130091472753,IT-BCi
4,1.4346035156250003,1.2883623046875,0.9856740530264445,8.996394902461748,IT-BCi
5,1.317462890625,1.2883623046875,0.9759964780921513,10.132727339947579,IT-BCi
6,1.2089355468749998,1.2883623046875,0.9967251484384332,6.224324482836433,IT-BCi
7,1.1950927734375,1.2883623046875,0.994873229128611,8.944474765287815,IT-BCi
8,1.1864179687499998,1.2883623046875,0.9940788304466951,10.913609876409758,IT-BCi
9,1.2257314453125,1.2883623046875,0.9874807415920662,10.463049201325829,IT-BCi
10,1.3167246093750002,1.2883623046875,0.9748131068835235,11.23761082494698,IT-BCi
11,1.4326962890625001,1.2883623046875,0.9761573328727481,8.3238656172859,IT-BCi
12,1.5516210937500006,1.2883623046875,0.9634413279305943,8.315638134415,IT-BCi
1,1.8459492187500013,1.2155185546874998,0.9940699473969838,1.2845856166067842,IT-Col
2,2.2598173828125034,1.2155185546874998,0.9593476831788789,2.6597344066320976,IT-Col
3,1.750218750000001,1.2155185546874998,0.9786330172276617,1.6666896426106688,IT-Col
4,1.4942197265625001,1.2155185546874998,0.9434959193908137,7.511259335036581,IT-Col
5,1.3191240234375003,1.2155185546874998,0.9340062127489581,10.222132998343632,IT-Col
6,1.1992763671874997,1.2155185546874998,0.9712961142294501,13.633496629877841,IT-Col
7,1.1864179687499998,1.2155185546874998,0.9747355399310589,10.25941393968524,IT-Col
8,1.1875253906249996,1.2155185546874998,0.9732236215390276,13.391191019564653,IT-Col
9,1.310572265625,1.2155185546874998,0.985664933065013,8.437335309335598,IT-Col
10,1.3882148437500001,1.2155185546874998,0.9775158639004259,7.4429441839652215,IT-Col
11,1.652704101562501,1.2155185546874998,0.9661921765907027,2.6473074656122497,IT-Col
12,1.8367822265625011,1.2155185546874998,0.9670355600315895,3.2335759559897763,IT-Col
2,1.2393896484374998,1.160701171875,0.9605435770504785,7.816372232697729,IT-Cp2
3,1.2943300781250002,1.160701171875,0.9650280407416919,5.618514928326285,IT-Cp2
5,1.2411123046875,1.160701171875,0.9724295447070873,4.567030669213003,IT-Cp2
6,1.0780751953124996,1.160701171875,0.9856654170027505,12.704798202702031,IT-Cp2
7,1.1212031249999999,1.160701171875,0.9879653308074988,6.689850359523054,IT-Cp2
8,1.0901953124999997,1.160701171875,0.9683552617075131,8.65398777925753,IT-Cp2
9,1.1340615234375,1.160701171875,0.9376184458411214,9.11318225034737,IT-Cp2
11,1.2246240234374999,1.160701171875,0.9534373513556773,6.5006480777699105,IT-Cp2
1,1.5564199218750003,1.3718496093750006,0.9643659128825962,5.624470879443786,IT-Cpz
2,1.5207363281250004,1.3718496093750006,0.9716359888522456,7.199342904639746,IT-Cpz
3,1.5792451171875004,1.3718496093750006,0.9853180403402925,4.745835953931703,IT-Cpz
4,1.4284511718750001,1.3718496093750006,0.9786459825346401,6.64679649288433,IT-Cpz
5,1.3146943359375003,1.3718496093750006,0.973315704621625,6.615714311833498,IT-Cpz
6,1.2539091796875002,1.3718496093750006,0.9815312849496646,6.0505106400943545,IT-Cpz
7,1.1925087890625,1.3718496093750006,0.982859114037565,5.628661927794734,IT-Cpz
8,1.2478798828124997,1.3718496093750006,0.9869729900936058,5.5381153808141335,IT-Cpz
9,1.2824560546875001,1.3718496093750006,0.9754833799594125,7.271825191761816,IT-Cpz
10,1.3031279296875002,1.3718496093750006,0.977696735497303,6.555179170970741,IT-Cpz
11,1.3599140625000006,1.3718496093750006,0.960145542580574,7.772574108445741,IT-Cpz
12,1.4750244140625002,1.3718496093750006,0.9605110868843905,7.812868805945365,IT-Cpz
1,1.5163066406250005,1.3889531250000002,0.965290350546921,4.923427666502985,IT-Noe
2,1.5465146484375003,1.3889531250000002,0.958242424091078,5.845562419051878,IT-Noe
3,1.4936044921875005,1.3889531250000002,0.9643825494026973,6.74469124281337,IT-Noe
4,1.3904296875000002,1.3889531250000002,0.9735979848838713,6.788806718265386,IT-Noe
5,1.3729570312500003,1.3889531250000002,0.9681180693771658,7.500667885416096,IT-Noe
6,1.2775341796875002,1.3889531250000002,0.9771382143521298,8.100657462719747,IT-Noe
7,1.1547333984375001,1.3889531250000002,0.983746006220241,3.191339848746415,IT-Noe
8,1.2178564453125,1.3889531250000002,0.9753340963593096,5.221176270452066,IT-Noe
9,1.266275390625,1.3889531250000002,0.9708211852545876,5.530308780989607,IT-Noe
10,1.2980830078125,1.3889531250000002,0.9642610318678166,8.606251146099261,IT-Noe
11,1.3737568359375003,1.3889531250000002,0.950689387828657,8.423150956142088,IT-Noe
12,1.3677890625000004,1.3889531250000002,0.9597124028261691,7.0139647311867,IT-Noe
1,1.8184482421875017,1.1896171874999997,0.9724821983163486,1.2401819679458728,IT-Ro2
2,1.685065429687501,1.1896171874999997,0.9830417678915331,1.9574476645854666,IT-Ro2
3,1.5794296875000002,1.1896171874999997,0.9944202172767518,1.6931664616275277,IT-Ro2
4,1.4537373046875004,1.1896171874999997,0.9936419661460181,3.4096713125678515,IT-Ro2
5,1.2038906249999999,1.1896171874999997,0.9914727236765283,10.970885635710976,IT-Ro2
6,1.1837724609375,1.1896171874999997,0.9895623164162533,12.173112839485634,IT-Ro2
7,1.1718984375,1.1896171874999997,0.9925128074493579,9.695757661975014,IT-Ro2
8,1.1878330078124995,1.1896171874999997,0.9934779731565845,9.770971659454439,IT-Ro2
9,1.2144111328124998,1.1896171874999997,0.9921485803642283,7.946239138955124,IT-Ro2
10,1.3327207031250003,1.1896171874999997,0.9803077854788478,5.8686615693468225,IT-Ro2
11,1.4262978515625004,1.1896171874999997,0.9874443037002663,4.608875850500577,IT-Ro2
12,1.6561494140625008,1.1896171874999997,0.9783907563093056,1.773655128723268,IT-Ro2
1,1.6130830078125005,1.3912294921875006,0.987607576916986,6.913239587482181,IT-SR2
2,1.5650947265625001,1.3912294921875006,0.9899257549816479,6.892386034499826,IT-SR2
3,1.5729082031250006,1.3912294921875006,0.9862195510202296,8.569835169431016,IT-SR2
4,1.4494306640625,1.3912294921875006,0.9826735546529135,13.62011778766937,IT-SR2
5,1.3831699218750004,1.3912294921875006,0.9918192906029976,9.618630469919047,IT-SR2
6,1.2913154296875002,1.3912294921875006,0.9925975719235061,8.382783059322774,IT-SR2
7,1.2427734375,1.3912294921875006,0.9926921276074248,9.074873269412812,IT-SR2
8,1.2507099609374999,1.3912294921875006,0.9883454827209295,18.37334710561941,IT-SR2
9,1.3192470703125,1.3912294921875006,0.992201226508179,9.925857841702424,IT-SR2
10,1.3701884765625003,1.3912294921875006,0.9894369349190447,11.330191363280946,IT-SR2
11,1.4481386718750002,1.3912294921875006,0.980540592331895,9.540557652024752,IT-SR2
12,1.5808447265625003,1.3912294921875006,0.9875527188520764,5.999243799084745,IT-SR2
1,1.747204101562501,1.5014794921875008,0.9846452272823948,6.038038709942044,IT-SRo
2,1.6155439453125005,1.5014794921875008,0.9736315717205869,7.711501461208251,IT-SRo
3,1.5043095703125005,1.5014794921875008,0.9746640575475847,8.082915055129426,IT-SRo
4,1.4576132812500004,1.5014794921875008,0.9919721564833804,6.402889174318885,IT-SRo
5,1.36508203125,1.5014794921875008,0.9857823537017291,10.546235641462703,IT-SRo
6,1.31315625,1.5014794921875008,0.9903101796063957,10.810456248721906,IT-SRo
7,1.2177333984374998,1.5014794921875008,0.9962519294726344,6.0598087446989775,IT-SRo
8,1.2585234375,1.5014794921875008,0.9943447613128733,7.371484194283904,IT-SRo
9,1.2521865234375,1.5014794921875008,0.9926716017493303,7.73097740328168,IT-SRo
10,1.3656357421875005,1.5014794921875008,0.9772306526068844,12.36790523374692,IT-SRo
11,1.4586591796875004,1.5014794921875008,0.9795158816016162,7.70739702816007,IT-SRo
12,1.8332138671875016,1.5014794921875008,0.986198908678398,4.925989573778303,IT-SRo
1,2.356347656250003,1.5850283203125004,0.9798494939716678,3.835089682791125,IT-Tor
2,2.1987246093750024,1.5850283203125004,0.9591248983581246,4.033169433071903,IT-Tor
3,1.9693652343750017,1.5850283203125004,0.9668453710074703,4.895951176328787,IT-Tor
4,1.9529384765625015,1.5850283203125004,0.976675052111217,6.001892073827589,IT-Tor
5,1.8354287109375016,1.5850283203125004,0.9774702847250917,8.63696273872068,IT-Tor
6,1.5048017578125004,1.5850283203125004,0.9807076910090374,12.689475752082512,IT-Tor
7,1.4267900390625003,1.5850283203125004,0.9701826028445967,12.5531294091665,IT-Tor
8,1.4293740234375,1.5850283203125004,0.9862263319793306,7.786746109208172,IT-Tor
9,1.5839824218750005,1.5850283203125004,0.9874618825802569,4.599978472538405,IT-Tor
10,1.7225947265625008,1.5850283203125004,0.9810818505122962,8.364270771532885,IT-Tor
11,2.0950576171875026,1.5850283203125004,0.9912275194951838,4.3473450630902475,IT-Tor
12,2.221119140625003,1.5850283203125004,0.8813487488095951,5.89272127283961,IT-Tor
4,1.5522363281250005,1.4024267578125,0.9819121163402971,9.257254808471854,RU-Fyo
5,1.4592128906250001,1.4024267578125,0.9656863790988034,11.379370115384257,RU-Fyo
6,1.3963974609375005,1.4024267578125,0.9760734951083697,11.982968730713193,RU-Fyo
7,1.3681582031250004,1.4024267578125,0.9772106454965457,12.331504181409647,RU-Fyo
8,1.348962890625,1.4024267578125,0.9817806200719483,12.666391805793515,RU-Fyo
9,1.3561611328125003,1.4024267578125,0.9686070791879762,11.069194887323281,RU-Fyo
10,1.687280273437501,1.4024267578125,0.9688594807308976,6.770316952798232,RU-Fyo
11,1.9394033203125014,1.4024267578125,0.9750972819744145,3.029639210591926,RU-Fyo
4,1.8572695312500014,1.4429091796875002,0.914676601030656,6.006831295881913,SE-Deg
5,1.4440166015625002,1.4429091796875002,0.9649038535589192,9.278241379657407,SE-Deg
6,1.4232216796875004,1.4429091796875002,0.9630709020603145,7.044156543670021,SE-Deg
7,1.3025742187500002,1.4429091796875002,0.9782092534872423,4.328806865514933,SE-Deg
8,1.4073486328125004,1.4429091796875002,0.9882955891161397,2.5660522762310967,SE-Deg
9,1.5622646484375005,1.4429091796875002,0.9844919625831579,2.2066570813497886,SE-Deg
10,1.7819033203125012,1.4429091796875002,0.9837864545960252,0.9689417933103613,SE-Deg
1,1.5270117187500003,1.2570468750000001,0.973663200929127,8.318963290883238,US-ARM
2,1.5553125000000003,1.2570468750000001,0.9170254126414972,17.103331146454227,US-ARM
3,1.3471787109375004,1.2570468750000001,0.9848350950124304,14.176130948770291,US-ARM
4,1.3219541015625,1.2570468750000001,0.984701090403804,16.67797833293667,US-ARM
5,1.2644296874999998,1.2570468750000001,0.9921577396271597,12.018594151505022,US-ARM
6,1.197615234375,1.2570468750000001,0.9955249770171967,10.104829252971161,US-ARM
7,1.1732519531249999,1.2570468750000001,0.9972668049602463,8.847898415345881,US-ARM
8,1.2004453124999999,1.2570468750000001,0.9966365305226453,8.444432950428402,US-ARM
9,1.260861328125,1.2570468750000001,0.994015279834174,7.095651134280493,US-ARM
10,1.3142021484375,1.2570468750000001,0.9848933263943956,12.122351714226177,US-ARM
11,1.4463544921875005,1.2570468750000001,0.9677479749042796,11.396923459982624,US-ARM
12,1.5900117187500005,1.2570468750000001,0.9819057200823831,7.548802708907033,US-ARM
1,2.430360351562503,1.2200712890624996,0.9706012984153087,5.374769735367279,US-Bar
2,2.6284658203125044,1.2200712890624996,0.9758658400221479,5.747060383506052,US-Bar
3,1.7506494140625009,1.2200712890624996,0.9851391120448577,7.823653044934246,US-Bar
4,1.9099335937500017,1.2200712890624996,0.9598344400985156,12.655878803035646,US-Bar
5,1.3062041015625003,1.2200712890624996,0.9683905256230718,7.9150555201952715,US-Bar
6,1.216564453125,1.2200712890624996,0.980123439060995,9.690179317407758,US-Bar
7,1.1825419921875002,1.2200712890624996,0.9859222045303606,10.095568713742576,US-Bar
8,1.1914013671875,1.2200712890624996,0.9815548765477025,11.207810839234156,US-Bar
9,1.2434501953125001,1.2200712890624996,0.9783933258708776,9.821956656274363,US-Bar
10,1.4953886718750002,1.2200712890624996,0.9788557165166859,6.157319936177752,US-Bar
11,1.658118164062501,1.2200712890624996,0.9788104642868906,3.4687133106210903,US-Bar
12,1.9796396484375016,1.2200712890624996,0.9560791330181788,2.891820369793287,US-Bar
1,1.5393164062500002,1.3579453125000005,0.9748929030198829,4.755385891970383,US-Blo
2,1.5235048828125004,1.3579453125000005,0.9770083183206056,5.151190473473556,US-Blo
3,1.4396484375000003,1.3579453125000005,0.988078560141189,6.412263280891682,US-Blo
4,1.3900605468750002,1.3579453125000005,0.9856590483913653,7.786418779009841,US-Blo
5,1.3302597656250004,1.3579453125000005,0.9836903811331908,7.509736215774466,US-Blo
6,1.3052812500000002,1.3579453125000005,0.9884894876078874,6.775709517170551,US-Blo
7,1.1917705078124996,1.3579453125000005,0.9853336332120368,11.576660037509003,US-Blo
8,1.1730058593749997,1.3579453125000005,0.9874875466420895,13.281364380647862,US-Blo
9,1.247203125,1.3579453125000005,0.9902030246059246,7.232162062912347,US-Blo
10,1.5261503906250005,1.3579453125000005,0.9834307773696003,3.872338271815874,US-Blo
11,1.4258056640625,1.3579453125000005,0.9870182916245216,6.181089173702849,US-Blo
12,1.5310107421875006,1.3579453125000005,0.9818709009854921,5.815260020088844,US-Blo
1,2.295254882812503,1.4730556640625,0.8771088006398129,17.67967347832837,US-GLE
2,2.4037207031250034,1.4730556640625,0.9369184789746705,14.794738259393645,US-GLE
3,2.4470332031250033,1.4730556640625,0.9286468386170178,10.853710995362114,US-GLE
4,2.086567382812503,1.4730556640625,0.9146592898375645,10.119262453210924,US-GLE
5,1.6524580078125006,1.4730556640625,0.9698101154231248,9.917300648476337,US-GLE
6,1.4566904296875003,1.4730556640625,0.9403027605333191,14.661818229145021,US-GLE
7,1.3091572265625002,1.4730556640625,0.9769599405458723,8.96455220750907,US-GLE
8,1.3240458984375003,1.4730556640625,0.9765933161021177,8.989441969131763,US-GLE
9,1.5367939453125006,1.4730556640625,0.9564179635820357,13.282542438220663,US-GLE
10,1.8794794921875018,1.4730556640625,0.9504762618720365,11.15756728014338,US-GLE
11,2.282581054687503,1.4730556640625,0.9257677061762604,14.031093296719558,US-GLE
12,2.5246142578125035,1.4730556640625,0.9187971935696885,11.815678308537652,US-GLE
1,2.163348632812503,1.2165029296875,0.8910296635849613,6.113893951318553,US-Ha1
2,2.3074980468750033,1.2165029296875,0.9252937807387235,3.8069540234310213,US-Ha1
3,1.8848935546875012,1.2165029296875,0.9439455194311952,5.0094514882222905,US-Ha1
4,1.6343085937500006,1.2165029296875,0.9312265275002805,6.747250650644916,US-Ha1
5,1.3677890625000004,1.2165029296875,0.9570403404289625,8.977064704560263,US-Ha1
6,1.2231474609374997,1.2165029296875,0.9895332342628842,10.138643170606025,US-Ha1
7,1.1968769531249999,1.2165029296875,0.9859107561763003,13.348450022561225,US-Ha1
8,1.209427734375,1.2165029296875,0.9887077929558941,11.529739284290864,US-Ha1
9,1.2600615234374999,1.2165029296875,0.9804530578137982,12.50656248891185,US-Ha1
10,1.4332500000000001,1.2165029296875,0.9674819100197344,8.348693749840441,US-Ha1
11,1.7820878906250013,1.2165029296875,0.9639140772038963,5.3130935558576065,US-Ha1
12,2.045715820312502,1.2165029296875,0.9285836595530381,4.984717237271846,US-Ha1
1,1.8217705078125013,1.2248085937499997,0.8840476322992956,3.170508390149539,US-MMS
2,1.7786425781250013,1.2248085937499997,0.8830234632736074,2.442299541649228,US-MMS
3,2.1571962890625027,1.2248085937499997,0.9939993626972254,8.597394385890814,US-MMS
4,1.4897900390625005,1.2248085937499997,0.9868396237956075,4.197173364183063,US-MMS
5,1.2692900390625002,1.2248085937499997,0.9848708752024528,8.431454708836002,US-MMS
6,1.229607421875,1.2248085937499997,0.9891694523481985,10.781390737155627,US-MMS
7,1.2084433593749997,1.2248085937499997,0.9922529451515967,10.773959040651514,US-MMS
8,1.2192099609375,1.2248085937499997,0.9933954404293984,9.007744685231314,US-MMS
9,1.258892578125,1.2248085937499997,0.9915669656949239,8.932991246683306,US-MMS
10,1.3036201171875001,1.2248085937499997,0.990820478474296,6.453816383959972,US-MMS
11,1.5446689453125004,1.2248085937499997,0.9624878059063758,4.355263371994548,US-MMS
12,1.8995361328125013,1.2248085937499997,0.9906355994490286,1.5248299043962044,US-MMS
1,2.133140625000003,1.2169951171875,0.9340940406707839,2.943114689943864,US-MOz
2,1.8887080078125011,1.2169951171875,0.9100568979026668,6.087288264652957,US-MOz
3,1.5890888671875003,1.2169951171875,0.9135000713212664,10.948794335244779,US-MOz
4,1.3348740234375,1.2169951171875,0.9495885162281567,13.189366918099617,US-MOz
5,1.2872548828125,1.2169951171875,0.9804373303919723,10.839169421440253,US-MOz
6,1.2061054687500001,1.2169951171875,0.9932405526100428,11.556194996924221,US-MOz
7,1.1995839843749996,1.2169951171875,0.9929021374982477,11.549771358254864,US-MOz
8,1.2084433593749997,1.2169951171875,0.9921634553525499,11.040051194660409,US-MOz
9,1.2761191406249999,1.2169951171875,0.9836435774032207,11.285630969328894,US-MOz
10,1.4493691406250002,1.2169951171875,0.9518172119116453,13.295738705633228,US-MOz
11,1.7574169921875011,1.2169951171875,0.965654639488679,2.9342896687305235,US-MOz
12,2.170792968750002,1.2169951171875,0.8088294250428806,3.2688857091610997,US-MOz
1,1.9493701171875015,1.7278857421875014,0.9591720820129557,9.363264652698755,US-Me2
2,1.9666582031250017,1.7278857421875014,0.952323489401244,10.63735294138684,US-Me2
3,1.8420117187500016,1.7278857421875014,0.943975584378083,15.58624724608825,US-Me2
4,1.7584628906250008,1.7278857421875014,0.9545290915143256,14.717049329980433,US-Me2
5,1.5732773437500005,1.7278857421875014,0.9516715185971271,16.531803184298926,US-Me2
6,1.4571826171875006,1.7278857421875014,0.9619951721940139,15.771218986082614,US-Me2
7,1.2690439453125002,1.7278857421875014,0.9810690747591526,9.883782246840207,US-Me2
8,1.289162109375,1.7278857421875014,0.978786293066965,9.93060870331623,US-Me2
9,1.4961269531250003,1.7278857421875014,0.989285296627215,7.568820876133427,US-Me2
10,1.6778056640625008,1.7278857421875014,0.9736775906418379,13.618093114456663,US-Me2
11,1.8225703125000017,1.7278857421875014,0.922456150294832,16.21891172692274,US-Me2
12,2.0805996093750023,1.7278857421875014,0.9605147630458378,10.51184661552236,US-Me2
1,1.722533203125001,1.4272822265625003,0.969768035147709,3.785175017037249,US-Me6
2,1.6659931640625008,1.4272822265625003,0.9249986774802306,8.333568651500702,US-Me6
3,1.5567890625000005,1.4272822265625003,0.962887360564556,10.111190950572892,US-Me6
4,1.5877353515625003,1.4272822265625003,0.9612383927467304,8.64264816420852,US-Me6
5,1.3407802734375003,1.4272822265625003,0.9525884974790981,11.995669670374863,US-Me6
6,1.3397343750000001,1.4272822265625003,0.9668273228984805,13.927582937451406,US-Me6
7,1.23957421875,1.4272822265625003,0.986389985727939,7.160197702924068,US-Me6
8,1.2652910156250001,1.4272822265625003,0.9784683588326972,8.427676582152914,US-Me6
9,1.3461943359375002,1.4272822265625003,0.9777031809985918,6.879190054780282,US-Me6
10,1.4715175781250003,1.4272822265625003,0.9777146476264974,6.585638647541777,US-Me6
11,1.6099453125000007,1.4272822265625003,0.9636148044484554,4.990170277806208,US-Me6
12,1.8654521484375013,1.4272822265625003,0.9557622136866692,3.8525007137055405,US-Me6
1,1.8069433593750015,1.3261992187500002,0.9635095778363126,4.985762879168109,US-Myb
2,1.662547851562501,1.3261992187500002,0.9824104907689066,7.089626936861763,US-Myb
3,1.5553740234375004,1.3261992187500002,0.9715429627096414,7.7759310886623725,US-Myb
4,1.4706562500000002,1.3261992187500002,0.9785702590101559,12.773845099552455,US-Myb
5,1.3545615234375004,1.3261992187500002,0.9833121294588211,15.928929486927307,US-Myb
6,1.3051582031250002,1.3261992187500002,0.9871259479049984,17.580382688209507,US-Myb
7,1.2961142578125,1.3261992187500002,0.9927353500792173,12.969862163922976,US-Myb
8,1.3084189453125004,1.3261992187500002,0.9950769435634232,10.414796937643526,US-Myb
9,1.315248046875,1.3261992187500002,0.9910096729013081,11.405342233086483,US-Myb
10,1.3877226562500002,1.3261992187500002,0.988860815923653,9.666036656798926,US-Myb
11,1.5212285156250005,1.3261992187500002,0.9806870909313994,5.48997426774701,US-Myb
12,1.8004218750000016,1.3261992187500002,0.967672377952761,4.911165720245141,US-Myb
1,2.2900869140625026,1.5921035156250005,0.9697050529482901,9.042451117772979,US-NR1
2,2.5845380859375036,1.5921035156250005,0.9321634716475853,11.23664164874689,US-NR1
3,2.1312333984375025,1.5921035156250005,0.9653821661036485,11.12362669473149,US-NR1
4,2.2239492187500027,1.5921035156250005,0.9627702189015215,12.652850890342206,US-NR1
5,1.7344072265625008,1.5921035156250005,0.9528157918004083,11.496237447042713,US-NR1
6,1.5345791015625005,1.5921035156250005,0.9677917978472576,12.939076562305203,US-NR1
7,1.3679121093750004,1.5921035156250005,0.9864250921223465,8.184133397215618,US-NR1
8,1.4060566406250004,1.5921035156250005,0.9779589508623119,10.580221607738668,US-NR1
9,1.5303955078125,1.5921035156250005,0.9600106850153073,11.466833040446252,US-NR1
10,1.9509082031250016,1.5921035156250005,0.919063285521714,15.120236018606056,US-NR1
11,2.3439814453125036,1.5921035156250005,0.8921547176530216,11.715047683923284,US-NR1
12,2.335983398437503,1.5921035156250005,0.8766814667018872,12.488031141594268,US-NR1
1,2.409626953125003,1.24498828125,0.9180939463173526,11.059005957750493,US-Ne1
2,1.6602099609375007,1.24498828125,0.9698551321728128,10.476131973352258,US-Ne1
3,1.4720097656250004,1.24498828125,0.9633284075149399,11.238417549914992,US-Ne1
4,1.5343945312500002,1.24498828125,0.9520510696151561,16.127675925343368,US-Ne1
5,1.3768330078125,1.24498828125,0.9767302016131824,16.142251071587836,US-Ne1
6,1.2390820312499997,1.24498828125,0.9946417971088194,10.893291409971917,US-Ne1
7,1.2382207031249999,1.24498828125,0.9962118785393689,9.908623186193825,US-Ne1
8,1.23760546875,1.24498828125,0.99544117065088,10.318727347219108,US-Ne1
9,1.2491103515625,1.24498828125,0.9925828866086515,12.410168456394503,US-Ne1
10,1.5463916015625006,1.24498828125,0.9786031802285458,6.788679491840076,US-Ne1
11,1.5813369140625002,1.24498828125,0.9459415972545053,12.647646250081731,US-Ne1
12,1.8951064453125017,1.24498828125,0.9624731501040097,5.897859015175387,US-Ne1
6,1.2219785156249998,1.2436347656250002,0.9954619026393199,11.158094967800196,US-Ne2
7,1.235759765625,1.2436347656250002,0.992400427440324,10.61044253793816,US-Ne2
8,1.249294921875,1.2436347656250002,0.980410094942172,15.525213919483967,US-Ne2
9,1.2703359375,1.2436347656250002,0.9910721802982622,14.017069853343457,US-Ne2
6,1.1813730468749999,1.2174873046874999,0.9962550150593139,10.744349222552522,US-Ne3
7,1.19724609375,1.2174873046874999,0.9891646157562162,13.837710877196805,US-Ne3
8,1.22579296875,1.2174873046874999,0.9859158213624777,14.228849467067947,US-Ne3
9,1.266275390625,1.2174873046874999,0.9897413342434174,16.321319561895322,US-Ne3
1,1.5561738281250004,1.1057607421875,0.9848766764483559,5.57011665013102,US-SRG
2,1.5102773437500003,1.1057607421875,0.9667464102890138,6.876054976528573,US-SRG
3,1.43152734375,1.1057607421875,0.9623341362191883,7.352289180073716,US-SRG
4,1.3823701171875005,1.1057607421875,0.9785925284223703,4.702385442100131,US-SRG
5,1.3265683593750002,1.1057607421875,0.9873799790181687,11.255814156763082,US-SRG
6,1.1600859374999999,1.1057607421875,0.98799097510573,3.9182507373266007,US-SRG
7,1.0919794921875,1.1057607421875,0.9840996358420542,8.94079110439832,US-SRG
8,1.0637402343749998,1.1057607421875,0.9838036352339758,10.80293268561094,US-SRG
9,1.1061914062499998,1.1057607421875,0.9789993474790052,9.705594622277461,US-SRG
10,1.2170566406249999,1.1057607421875,0.9797162716278193,6.505469139405704,US-SRG
11,1.4536142578125002,1.1057607421875,0.9734174105961877,12.841556230927285,US-SRG
12,1.5447919921875006,1.1057607421875,0.974776945385374,7.122815649907166,US-SRG
1,1.3970742187500003,1.0622636718749998,0.9787774489814107,3.8875869821215083,US-SRM
2,1.5799218750000004,1.0622636718749998,0.9526639754410874,6.466970621413005,US-SRM
3,1.5402392578125004,1.0622636718749998,0.9041567417026676,10.194158128444307,US-SRM
4,1.4669648437500005,1.0622636718749998,0.9827304527399779,10.53308935563615,US-SRM
5,1.4965576171875004,1.0622636718749998,0.965863574705937,7.638076395800941,US-SRM
7,1.0601103515624999,1.0622636718749998,0.9772010724552421,9.150410231535473,US-SRM
8,1.0375927734375,1.0622636718749998,0.9749367372272857,11.559917015017442,US-SRM
9,1.0755527343749998,1.0622636718749998,0.96734234590609,10.840462274424343,US-SRM
10,1.1165888671874997,1.0622636718749998,0.9847805025662457,6.012993214150413,US-SRM
11,1.4010732421875005,1.0622636718749998,0.9822765712431146,4.41618168472813,US-SRM
12,1.4626582031250004,1.0622636718749998,0.9728079160910952,4.27230179353556,US-SRM
1,2.6372636718750044,1.5378398437500005,0.8173020388416185,4.781446753639644,US-Syv
2,2.570510742187503,1.5378398437500005,0.8994134975454222,5.653743076493813,US-Syv
3,2.247943359375003,1.5378398437500005,0.9220240094963311,2.6171965028466135,US-Syv
4,2.000865234375002,1.5378398437500005,0.8651750127409995,6.196016477729031,US-Syv
5,1.3750488281250004,1.5378398437500005,0.9667625423304529,10.21157957839309,US-Syv
6,1.3147558593750002,1.5378398437500005,0.9663830648212153,11.091807185447871,US-Syv
7,1.2616611328124998,1.5378398437500005,0.9791527340205447,10.32684972543918,US-Syv
8,1.3202314453125004,1.5378398437500005,0.9769928758033168,9.461375086244816,US-Syv
9,1.3606523437500004,1.5378398437500005,0.9544687626938586,12.574028596760897,US-Syv
10,1.6212041015625007,1.5378398437500005,0.9632468409757801,16.29574571108604,US-Syv
11,2.250096679687503,1.5378398437500005,0.941628081297881,24.95602100767216,US-Syv
12,2.2619707031250034,1.5378398437500005,0.8856914182103282,35.08056757754203,US-Syv
1,1.6615634765625007,1.4103017578125003,0.9841621192705373,4.751468839253932,US-Ton
2,1.5466376953125005,1.4103017578125003,0.9774970480598774,7.2493513419815825,US-Ton
3,1.4987724609375004,1.4103017578125003,0.9747616499528089,9.639352413020015,US-Ton
4,1.3646513671875002,1.4103017578125003,0.9638247912556378,12.243167352203145,US-Ton
5,1.2030292968749998,1.4103017578125003,0.9679684166169314,14.115486247281973,US-Ton
6,1.31783203125,1.4103017578125003,0.9592058488951531,7.953052079597717,US-Ton
7,1.1443359374999997,1.4103017578125003,0.9929770627846747,3.7721079996571456,US-Ton
8,1.2416660156250001,1.4103017578125003,0.9832444639373398,3.8774312213505917,US-Ton
9,1.251509765625,1.4103017578125003,0.9695310242685845,7.149531259867967,US-Ton
10,1.3993505859375004,1.4103017578125003,0.9881551075527218,7.238177836836704,US-Ton
11,1.5030791015625002,1.4103017578125003,0.9813184256649781,5.10771869830348,US-Ton
12,1.5807832031250004,1.4103017578125003,0.9867520884323113,4.220472771212569,US-Ton
1,1.5321796875000002,1.279810546875,0.9813352457308074,3.6616388233148123,US-Tw4
2,1.5624492187500003,1.279810546875,0.9825969594192314,4.879013349002559,US-Tw4
3,1.4611816406250002,1.279810546875,0.9861086829692202,6.775705347163988,US-Tw4
4,1.3959052734375006,1.279810546875,0.9768395917424088,12.180625834147952,US-Tw4
5,1.301220703125,1.279810546875,0.9882640639043079,13.850936642920539,US-Tw4
6,1.2679365234375002,1.279810546875,0.9895109893638047,15.358292544550126,US-Tw4
7,1.2646142578124997,1.279810546875,0.9946622631575478,12.439924059251602,US-Tw4
8,1.2669521484375,1.279810546875,0.9918553330348772,13.046067907578857,US-Tw4
9,1.2769804687500002,1.279810546875,0.9894426564820277,12.603694433525375,US-Tw4
10,1.3428105468750002,1.279810546875,0.9918492902162831,8.645596358806914,US-Tw4
11,1.4861601562500004,1.279810546875,0.9836665348287897,6.134089369506909,US-Tw4
12,1.7771044921875014,1.279810546875,0.9912184412155164,1.9503624225381433,US-Tw4
2,2.600841796875004,1.2954990234375003,0.9130024943758115,1.6505906052622672,US-UMB
3,2.1459990234375024,1.2954990234375003,0.9398812336829792,3.6482942726373704,US-UMB
4,1.7799345703125011,1.2954990234375003,0.9637568266562506,3.3862133435241364,US-UMB
5,1.4840068359375005,1.2954990234375003,0.9532506561416803,10.256018300276022,US-UMB
6,1.3071884765625001,1.2954990234375003,0.9886411570395068,9.131897690042662,US-UMB
7,1.2573544921875004,1.2954990234375003,0.9878908540318416,12.9698616602813,US-UMB
8,1.2654140625,1.2954990234375003,0.99157287719167,11.157244755851943,US-UMB
9,1.322384765625,1.2954990234375003,0.9755326412173816,12.340031999787037,US-UMB
10,1.4189765625000001,1.2954990234375003,0.9604359111198107,11.497060869485527,US-UMB
11,1.7680605468750012,1.2954990234375003,0.9669059397690353,3.5459350779266634,US-UMB
12,2.502342773437503,1.2954990234375003,0.9672039789524872,1.954582370115194,US-UMB
1,1.653996093750001,1.27550390625,0.983794014800688,4.804360127066774,US-Var
2,1.4744707031250004,1.27550390625,0.9662640876071357,7.019355002233707,US-Var
3,1.2710126953124998,1.27550390625,0.9773138010366835,10.695008306966413,US-Var
4,1.2142265625,1.27550390625,0.9854490322176346,12.562955894326123,US-Var
5,1.240435546875,1.27550390625,0.9759397293307949,11.490985575499304,US-Var
6,1.288669921875,1.27550390625,0.9725518859465652,5.329884861163588,US-Var
10,1.4656113281250005,1.27550390625,0.9624267576425526,6.495593564957598,US-Var
11,1.4947734375000001,1.27550390625,0.958117253686119,4.012667429838456,US-Var
12,1.6022548828125003,1.27550390625,0.9792555223949347,4.42041287371816,US-Var
2,1.9633974609375016,1.17854296875,0.9533125140862966,0.8581181611215098,US-WCr
3,1.8698818359375013,1.17854296875,0.9876654367150849,1.0233791112086703,US-WCr
4,1.5623261718750003,1.17854296875,0.8722342965893854,2.463708861125443,US-WCr
5,1.273412109375,1.17854296875,0.9701943885657102,7.069943216400892,US-WCr
6,1.2055517578124997,1.17854296875,0.9783865039961035,11.25980027630798,US-WCr
7,1.1535029296875,1.17854296875,0.9851932911564691,13.411371781151843,US-WCr
8,1.1953388671875,1.17854296875,0.9845706303782533,12.869513186615093,US-WCr
9,1.20413671875,1.17854296875,0.9797396979596886,14.1280316038857,US-WCr
10,1.3163554687500003,1.17854296875,0.9776806798327944,3.0079864761313657,US-WCr
11,1.8776953125000015,1.17854296875,0.9581656027916671,1.8921101458374565,US-WCr
12,2.3356142578125034,1.17854296875,0.9948166516661627,2.184846016935557,US-WCr
1,1.4865908203125002,1.0209814453124997,0.9733532928987148,4.478004600807105,US-Whs
3,1.348224609375,1.0209814453124997,0.9824774849462129,3.0900983212224467,US-Whs
7,1.017720703125,1.0209814453124997,0.9761634352035745,10.876430326714681,US-Whs
8,1.0087382812499999,1.0209814453124997,0.9829244625503274,12.547642835138667,US-Whs
9,1.0660166015624997,1.0209814453124997,0.9723380728351018,11.480479392117855,US-Whs
10,1.1398447265625,1.0209814453124997,0.9617355160043682,9.300694966136778,US-Whs
11,1.5342099609375004,1.0209814453124997,0.9400814881904835,11.915045530080588,US-Whs
12,1.292607421875,1.0209814453124997,0.9729248059656506,4.866650869532933,US-Whs
1,1.5892119140625,1.0898261718749997,0.9818221676891625,4.536345131723626,US-Wkg
2,1.6017626953125004,1.0898261718749997,0.9570150546106764,4.508091067116896,US-Wkg
3,1.4315888671875001,1.0898261718749997,0.9660476132953313,5.247688364620857,US-Wkg
4,1.348470703125,1.0898261718749997,0.8285496523901266,6.2917042240767485,US-Wkg
5,1.1720830078124997,1.0898261718749997,0.994604069188959,2.567917453033208,US-Wkg
6,1.0567880859374998,1.0898261718749997,0.9950007074999496,2.8582552694802823,US-Wkg
7,1.0930869140624995,1.0898261718749997,0.984354322824375,6.474571584835534,US-Wkg
8,1.05352734375,1.0898261718749997,0.9764864210654279,9.035135815967436,US-Wkg
9,1.1181884765624996,1.0898261718749997,0.9712254942882965,9.04774521296964,US-Wkg
10,1.138921875,1.0898261718749997,0.9726747437528677,6.811087749844643,US-Wkg
11,1.5076318359375005,1.0898261718749997,0.964658090567016,3.802439501851443,US-Wkg
12,1.5630644531250004,1.0898261718749997,0.9312345272659658,5.771758683734404,US-Wkg
1,1.5992402343750005,1.5236279296875006,0.9816864758904238,4.09093556370709,CA-Ca1
2,1.6205888671875006,1.5236279296875006,0.948095211593283,6.385394922990459,CA-Ca1
3,1.6081611328125005,1.5236279296875006,0.9286015773620987,10.12808588420712,CA-Ca1
4,1.5596191406250004,1.5236279296875006,0.9303924248773083,10.649949429633905,CA-Ca1
5,1.6006552734375004,1.5236279296875006,0.9467674919577368,10.312721992438005,CA-Ca1
6,1.4871445312500002,1.5236279296875006,0.9645949450944179,10.42599876847663,CA-Ca1
7,1.5170449218750004,1.5236279296875006,0.9618781034727905,9.133397206554564,CA-Ca1
8,1.3647128906250001,1.5236279296875006,0.9708847303337461,7.573051193689461,CA-Ca1
9,1.4642578125000005,1.5236279296875006,0.9759846618195602,8.912630614963396,CA-Ca1
10,1.656026367187501,1.5236279296875006,0.9867345392774102,4.404385730412878,CA-Ca1
11,1.654549804687501,1.5236279296875006,0.9722938498554299,4.788766021603854,CA-Ca1
12,1.651412109375001,1.5236279296875006,0.9746255277042528,2.9378172113546865,CA-Ca1
1,1.677436523437501,1.428697265625,0.9868164962316667,2.6522337454601885,CA-Ca2
2,1.754586914062501,1.428697265625,0.9782079000610816,3.316635812502027,CA-Ca2
3,1.668023437500001,1.428697265625,0.9821262813554483,3.029765927351528,CA-Ca2
4,1.5972099609375006,1.428697265625,0.9902156893495901,4.850416623812166,CA-Ca2
5,1.3568378906250003,1.428697265625,0.965232383610511,5.486736025914538,CA-Ca2
6,1.3193085937500002,1.428697265625,0.9681385515854857,10.583138399492816,CA-Ca2
7,1.3105107421875002,1.428697265625,0.9827644708666163,5.262212099359246,CA-Ca2
8,1.3719111328125004,1.428697265625,0.9819820641657069,4.856791885008019,CA-Ca2
9,1.3901835937500002,1.428697265625,0.988256763740036,3.588112434244676,CA-Ca2
10,1.5565429687500005,1.428697265625,0.9718334868083528,3.465010882928604,CA-Ca2
11,1.9326972656250014,1.428697265625,0.9478969487948199,6.842762912338968,CA-Ca2
12,1.8074970703125013,1.428697265625,0.984132434084354,1.3690669649711271,CA-Ca2
1,2.0684794921875014,1.3752333984375005,0.8439246819211055,4.829724355814117,CA-TP1
2,2.4142412109375035,1.3752333984375005,0.904652672241586,3.1997423907089133,CA-TP1
3,1.8639140625000015,1.3752333984375005,0.9094585061472925,4.408981941924966,CA-TP1
4,1.5476220703125003,1.3752333984375005,0.9578647018834597,4.317849051383011,CA-TP1
5,1.4168232421875007,1.3752333984375005,0.9613766097739412,5.778817848813925,CA-TP1
6,1.3444101562500004,1.3752333984375005,0.987763363361485,3.7239508258356797,CA-TP1
7,1.2949453125000003,1.3752333984375005,0.9904664882719779,4.383777845420374,CA-TP1
8,1.2815947265625,1.3752333984375005,0.9924660044831732,3.016838238844066,CA-TP1
9,1.3445947265625002,1.3752333984375005,0.9884903624512111,4.558762804091352,CA-TP1
10,1.4450009765625,1.3752333984375005,0.9744205398715826,5.343014027404494,CA-TP1
11,1.6635937500000009,1.3752333984375005,0.9405790168648083,4.168694673988578,CA-TP1
12,2.1559658203125025,1.3752333984375005,0.9330987486017355,2.978447177934292,CA-TP1
1,2.447463867187503,1.3867998046875005,0.9512054193555163,7.231750164508528,CA-TP3
2,2.4290683593750035,1.3867998046875005,0.8906229155692724,7.016108456445432,CA-TP3
3,1.8601611328125012,1.3867998046875005,0.9228652919936633,6.85249958990162,CA-TP3
4,1.759754882812501,1.3867998046875005,0.9659518502702661,8.024664188987144,CA-TP3
5,1.4381718750000003,1.3867998046875005,0.9732287011104177,9.668594530675252,CA-TP3
6,1.3432412109375003,1.3867998046875005,0.978183980202062,8.66662718980453,CA-TP3
7,1.2477568359375,1.3867998046875005,0.9861935547301016,8.258586277964179,CA-TP3
8,1.2983906250000001,1.3867998046875005,0.9903519871452178,9.864073788802436,CA-TP3
9,1.3738798828125,1.3867998046875005,0.9826248718968154,8.190964321518537,CA-TP3
10,1.4785927734375006,1.3867998046875005,0.9604892419551994,9.285884913452467,CA-TP3
11,1.7861484375000014,1.3867998046875005,0.8949115374911603,10.31998304112737,CA-TP3
12,2.378126953125003,1.3867998046875005,0.9732223304443769,4.781178731924242,CA-TP3
1,1.7634462890625011,1.231576171875,0.9820581041142981,4.262369237216247,US-Tw1
2,1.7662148437500012,1.231576171875,0.9736319238819375,5.1254477274329195,US-Tw1
3,1.6302480468750005,1.231576171875,0.9851013707072561,3.821418201342104,US-Tw1
4,1.5614648437500005,1.231576171875,0.9814112289384628,4.754357060323089,US-Tw1
5,1.2941455078125,1.231576171875,0.9745610422967462,11.604913866206886,US-Tw1
6,1.2462802734375003,1.231576171875,0.9722823127665169,21.197671045464944,US-Tw1
7,1.2173642578124997,1.231576171875,0.9874826978973934,18.899964998399806,US-Tw1
8,1.2288691406249999,1.231576171875,0.9880574017272208,17.820922169560376,US-Tw1
9,1.2382207031249999,1.231576171875,0.9874697498595238,15.515677662920439,US-Tw1
10,1.2568623046875,1.231576171875,0.9831547562046982,14.179814186120872,US-Tw1
11,1.5078164062500004,1.231576171875,0.9551038948048205,8.14943025658383,US-Tw1
12,1.7539716796875013,1.231576171875,0.979901177953984,4.516599295693834,US-Tw1
1,3.2629570312500067,1.241419921875,0.5249668779708486,12.843366695743617,US-UMd
2,3.2500371093750067,1.241419921875,0.8526332415617499,2.2917708521650795,US-UMd
3,1.8682207031250015,1.241419921875,0.8754710630265813,3.06678871625587,US-UMd
4,1.7629541015625012,1.241419921875,0.9491167541705507,3.6374219323989205,US-UMd
5,1.3408417968750002,1.241419921875,0.9645948553864375,7.029792202355109,US-UMd
6,1.257169921875,1.241419921875,0.9807854660056742,10.144696113721455,US-UMd
7,1.2349599609375002,1.241419921875,0.9762723116312513,14.400745417153328,US-UMd
8,1.1890634765624997,1.241419921875,0.984131599430781,12.174616600653158,US-UMd
9,1.2947607421875005,1.241419921875,0.9766555577857403,13.85827718055043,US-UMd
10,1.3178935546875001,1.241419921875,0.9495034219097342,11.635519146928294,US-UMd
11,1.6356621093750008,1.241419921875,0.9307143622326021,4.91049456514346,US-UMd
12,2.4152255859375034,1.241419921875,0.9721956312001904,1.560022921720067,US-UMd
1,2.4082119140625036,1.2959296875000001,0.8527074866842068,3.8232942133749397,CA-Cbo
2,2.4375585937500035,1.2959296875000001,0.8862605711388547,4.587612303451679,CA-Cbo
3,2.140954101562502,1.2959296875000001,0.8707031919639231,3.931765827299523,CA-Cbo
4,1.674791015625001,1.2959296875000001,0.9729358916362549,5.881091074358547,CA-Cbo
5,1.4652421875000003,1.2959296875000001,0.9540678346164082,12.769102512158176,CA-Cbo
6,1.313771484375,1.2959296875000001,0.9833371401370891,10.540353606971875,CA-Cbo
7,1.2569238281250001,1.2959296875000001,0.9882643599574685,12.74524543492498,CA-Cbo
8,1.27058203125,1.2959296875000001,0.9808833512121105,14.677873684156205,CA-Cbo
9,1.3093417968750003,1.2959296875000001,0.977360766282254,15.513072806292225,CA-Cbo
10,1.4686259765625005,1.2959296875000001,0.949866778687435,12.326285480886295,CA-Cbo
11,1.7934697265625013,1.2959296875000001,0.948051200942615,7.5172005240477064,CA-Cbo
12,1.991944335937502,1.2959296875000001,0.9312853026221841,4.320539535767153,CA-Cbo
1,2.3856328125000035,1.6023164062500004,0.8811491319011995,5.070511621735293,CA-LP1
2,2.6422470703125045,1.6023164062500004,0.837619801586814,4.669897768376513,CA-LP1
3,2.250773437500003,1.6023164062500004,0.8353415252349241,4.5747917990808675,CA-LP1
4,1.8322294921875018,1.6023164062500004,0.9788545729628961,4.252165173168401,CA-LP1
5,1.6075458984375004,1.6023164062500004,0.9825989833522706,5.107018895356747,CA-LP1
6,1.640276367187501,1.6023164062500004,0.9303204974496593,12.50943839082471,CA-LP1
7,1.4593974609375002,1.6023164062500004,0.9869726243874103,5.657199378374969,CA-LP1
8,1.4871445312500002,1.6023164062500004,0.9745002515725432,7.159108852906172,CA-LP1
9,1.6169589843750003,1.6023164062500004,0.9674830328672395,5.93198853363723,CA-LP1
10,1.9909599609375017,1.6023164062500004,0.9353307810551134,7.488383266510967,CA-LP1
11,2.116775390625002,1.6023164062500004,0.9131125468656446,4.560917843124961,CA-LP1
12,2.5791240234375037,1.6023164062500004,0.8248432365522593,4.388838854503745,CA-LP1
3,2.5185234375000034,1.3851386718750003,0.9139029434006792,3.060758001490793,US-BZB
4,1.9616748046875019,1.3851386718750003,0.9494011605816602,5.540059159050759,US-BZB
5,1.3704345703125003,1.3851386718750003,0.9705865020898362,5.848628831307685,US-BZB
6,1.3294599609375002,1.3851386718750003,0.9730600667940303,5.680361900489919,US-BZB
7,1.3245380859375002,1.3851386718750003,0.9728534209739049,5.4729079445626825,US-BZB
8,1.3416416015625003,1.3851386718750003,0.9597505644904539,5.71333239906556,US-BZB
9,1.6403378906250008,1.3851386718750003,0.9862488129273143,3.243269621242587,US-BZB
10,1.5247353515625006,1.3851386718750003,0.9187433005740592,3.520408074996545,US-BZB
11,3.6324667968750077,1.3851386718750003,0.3311781659023786,3.24296058682276,US-BZB
4,1.5665097656250004,1.4087636718750003,0.973343272119863,5.077770464656224,US-BZF
5,1.4562597656250003,1.4087636718750003,0.9786954014989114,8.36886297241556,US-BZF
6,1.3785556640625,1.4087636718750003,0.9874136062359742,6.754515994621176,US-BZF
7,1.3778173828125002,1.4087636718750003,0.9868783631004981,5.638858191693223,US-BZF
8,1.4252519531250003,1.4087636718750003,0.9852275259771865,3.902960470523509,US-BZF
9,1.5487910156250007,1.4087636718750003,0.9644794096022606,3.8885629898816734,US-BZF
10,2.1003486328125023,1.4087636718750003,0.8655972182743261,3.3082978557707783,US-BZF
11,3.5674365234375074,1.4087636718750003,0.4407264903553394,2.209460667571417,US-BZF
2,3.5900771484375076,1.4455546875,0.8149927950227038,7.4601274519305365,US-BZS
5,1.4231601562500003,1.4455546875,0.9922197228644544,2.9688482169118093,US-BZS
6,1.4339267578125,1.4455546875,0.9826503925442305,7.0621327141153,US-BZS
7,1.3952285156250006,1.4455546875,0.9843725733523455,4.726816936607036,US-BZS
8,1.4347265625000003,1.4455546875,0.9821478939606105,5.5056364319395135,US-BZS
9,1.6086533203125004,1.4455546875,0.9673229286054597,5.218042955567211,US-BZS
10,1.4793310546875005,1.4455546875,0.8966405776945451,5.649205397101551,US-BZS
2,4.191960937500009,1.6477822265625006,0.9864125396020373,7.233027198234297,US-EML
3,2.109761718750003,1.6477822265625006,0.9727857658460888,3.0610469978148767,US-EML
4,1.5837978515625006,1.6477822265625006,0.9582682870178898,7.11645814961072,US-EML
5,1.7414824218750011,1.6477822265625006,0.9798885467998854,5.385749250344034,US-EML
6,1.5604189453125006,1.6477822265625006,0.9808313271762646,4.233261612059761,US-EML
7,1.5541435546875002,1.6477822265625006,0.9892486328589485,6.969843191560581,US-EML
8,1.747757812500001,1.6477822265625006,0.9748491966096805,11.39261605699939,US-EML
9,1.8146953125000014,1.6477822265625006,0.9820217313689797,5.627503752005873,US-EML
10,1.9628437500000016,1.6477822265625006,0.9575266308460553,6.781040650408998,US-EML
11,2.9720126953125066,1.6477822265625006,0.9236892973598784,2.7084222538388896,US-EML
1,1.8689589843750014,1.31315625,0.9836060609004782,7.069080246278317,US-Ho2
2,1.9831464843750017,1.31315625,0.917121354878653,10.023824302869915,US-Ho2
3,1.8695126953125012,1.31315625,0.9408719427482704,10.953433709881876,US-Ho2
4,1.5908730468750003,1.31315625,0.9641766189600468,10.784627992326318,US-Ho2
5,1.4088251953125002,1.31315625,0.9623176190847339,15.207960857306267,US-Ho2
6,1.3385654296875003,1.31315625,0.9800971313229134,15.324001558704722,US-Ho2
7,1.270458984375,1.31315625,0.976870021623527,17.380203043320773,US-Ho2
8,1.2690439453125002,1.31315625,0.9760801139998828,16.407585044959674,US-Ho2
9,1.3420107421875005,1.31315625,0.9793696617743427,14.648732465346361,US-Ho2
10,1.5030791015625002,1.31315625,0.9679868959376438,10.331073112565269,US-Ho2
11,1.6597177734375008,1.31315625,0.9360904165220306,13.799355624518835,US-Ho2
12,2.1770068359375028,1.31315625,0.9720135073239901,3.837053803964464,US-Ho2
1,4.338448242187511,1.5175371093750003,0.6023806433700395,7.6943966064716385,US-ICh
2,4.0104052734375095,1.5175371093750003,0.8360239117569943,5.718570970617587,US-ICh
3,3.5676210937500072,1.5175371093750003,0.7448004234363854,6.7728077158952305,US-ICh
4,3.528000000000007,1.5175371093750003,0.8514919190518985,5.327379350367649,US-ICh
5,1.3911679687500005,1.5175371093750003,0.973225494199159,6.296651608082782,US-ICh
6,1.4766240234375005,1.5175371093750003,0.9664356745948374,6.044922709545608,US-ICh
7,1.4936660156250003,1.5175371093750003,0.9664342225947443,6.560515009707464,US-ICh
8,1.5004335937500004,1.5175371093750003,0.9645066016048822,6.428993959925314,US-ICh
9,1.9914521484375016,1.5175371093750003,0.8678677298907441,12.744628436002113,US-ICh
10,2.474903320312504,1.5175371093750003,0.9632356872315017,0.6234527170764135,US-ICh
2,4.096722656250009,1.5529130859375004,0.6173556003398945,5.183595781414495,US-ICs
3,3.8327871093750083,1.5529130859375004,0.5310812183742838,9.81425214054129,US-ICs
4,2.926669921875005,1.5529130859375004,0.9883826894532541,5.399426081330756,US-ICs
5,1.5953027343750004,1.5529130859375004,0.9287549312330521,8.110231389427629,US-ICs
6,1.4862832031250004,1.5529130859375004,0.9591741505995407,7.301315381524154,US-ICs
7,1.5360556640625003,1.5529130859375004,0.9696604725439576,7.721308025626114,US-ICs
8,1.5864433593750003,1.5529130859375004,0.926257785156812,9.338467481145717,US-ICs
9,2.004925781250001,1.5529130859375004,0.9423602987646336,5.8854610871798885,US-ICs
10,2.0180302734375015,1.5529130859375004,0.8097039336092682,6.56525920005096,US-ICs
4,2.3010380859375026,1.5005566406250004,0.9358085246452158,1.1884744484880425,US-ICt
5,1.5100927734375005,1.5005566406250004,0.9356308312355397,5.144635808890262,US-ICt
6,1.4423554687500002,1.5005566406250004,0.966939592701471,6.994785502351693,US-ICt
7,1.5412236328125002,1.5005566406250004,0.9609759537404767,9.205484312625341,US-ICt
8,1.5105849609375004,1.5005566406250004,0.9827008983851846,5.2954231642620435,US-ICt
9,1.734468750000001,1.5005566406250004,0.9244760785142714,5.279117459288267,US-ICt
10,1.8145722656250014,1.5005566406250004,0.9451896667419656,2.1719642899979097,US-ICt
1,1.4287587890625,1.0331630859374998,0.9732132399813188,4.004544463058539,US-Jo1
2,1.29617578125,1.0331630859374998,0.9579962410856726,10.1872330912108,US-Jo1
3,1.2107812499999997,1.0331630859374998,0.9820236997527938,8.934740772321451,US-Jo1
5,1.1704833984374998,1.0331630859374998,0.984358952132432,6.5983334757231935,US-Jo1
6,1.0776445312499998,1.0331630859374998,0.9639771442861227,6.217839182863608,US-Jo1
7,1.0213505859374998,1.0331630859374998,0.9873958146921172,14.250672874019504,US-Jo1
8,0.9945263671874996,1.0331630859374998,0.9788186708573314,26.561231728513512,US-Jo1
9,1.0625712890624999,1.0331630859374998,0.9830851748217819,27.380209783203515,US-Jo1
10,1.1276630859374999,1.0331630859374998,0.9415883757764976,5.422566220787237,US-Jo1
11,1.1651923828124997,1.0331630859374998,0.9671446684632938,3.2148312777366934,US-Jo1
12,1.4552138671875006,1.0331630859374998,0.9341862184187147,5.463364011145524,US-Jo1
1,1.5711240234375006,1.0868730468749999,0.9681315124543245,5.719030753307704,US-Jo2
2,1.4936660156250003,1.0868730468749999,0.9710741044501111,5.775283763516096,US-Jo2
3,1.3138945312499999,1.0868730468749999,0.9881125734362657,7.117342352681696,US-Jo2
4,1.3513623046875,1.0868730468749999,0.981122187785558,9.117009372177362,US-Jo2
5,1.1707294921875002,1.0868730468749999,0.9692017820061927,13.12198236494403,US-Jo2
6,1.0815820312499995,1.0868730468749999,0.9686248809377692,14.42535615261556,US-Jo2
7,1.0482978515624999,1.0868730468749999,0.9716666677805269,10.879871178153659,US-Jo2
8,1.0503896484374997,1.0868730468749999,0.9707220568344339,13.069757724233884,US-Jo2
9,1.086626953125,1.0868730468749999,0.9658833259540077,11.116932536524073,US-Jo2
10,1.2135498046874997,1.0868730468749999,0.9833260855780398,4.405316808880746,US-Jo2
11,1.31340234375,1.0868730468749999,0.987420432563783,4.369524935621399,US-Jo2
12,1.4942197265625001,1.0868730468749999,0.9675255221457894,8.051692418105315,US-Jo2
1,2.3351220703125035,1.2726123046875002,0.9619462308304657,4.094790721433617,US-KFS
2,1.9023662109375015,1.2726123046875002,0.9532690813671696,5.361789372768673,US-KFS
3,1.9211308593750014,1.2726123046875002,0.945349917489445,9.954414241387381,US-KFS
4,1.7183496093750013,1.2726123046875002,0.9767533210157734,9.158910140206716,US-KFS
5,1.4015654296875004,1.2726123046875002,0.9738534379404968,8.715270667435181,US-KFS
6,1.2582158203125,1.2726123046875002,0.982909377108095,11.605644400601241,US-KFS
7,1.2201943359374998,1.2726123046875002,0.9892358580378938,10.499778440407171,US-KFS
8,1.2067822265625,1.2726123046875002,0.9893567465532077,12.042866546267161,US-KFS
9,1.346009765625,1.2726123046875002,0.9646202973653655,11.865744886513818,US-KFS
10,1.4234677734375003,1.2726123046875002,0.9556822308571469,8.20793437236301,US-KFS
11,1.712566406250001,1.2726123046875002,0.9227294561090915,6.708438648703488,US-KFS
12,2.281473632812503,1.2726123046875002,0.9565207187676911,4.676997631564834,US-KFS
1,3.2466533203125065,1.2214248046875,0.9282212580531202,6.99107309551673,US-Kon
2,2.1159755859375027,1.2214248046875,0.9589740232091035,5.193551231543966,US-Kon
3,1.642798828125001,1.2214248046875,0.9032940891327221,7.410006241279312,US-Kon
4,1.649135742187501,1.2214248046875,0.9224963205403166,13.810823656019581,US-Kon
5,1.3283525390625002,1.2214248046875,0.9818174947404368,14.214854818957722,US-Kon
6,1.2181640625,1.2214248046875,0.9934413565971728,13.665967695043586,US-Kon
7,1.1907861328124998,1.2214248046875,0.9941218110088665,12.40809095846643,US-Kon
8,1.20266015625,1.2214248046875,0.9952995744579347,10.574162246789665,US-Kon
9,1.2895927734375001,1.2214248046875,0.9838001860815132,10.109063633257946,US-Kon
10,1.4629658203125002,1.2214248046875,0.9653989502457793,7.5420984782434735,US-Kon
11,2.235946289062503,1.2214248046875,0.940047623104275,10.015663515457026,US-Kon
12,1.9466015625000015,1.2214248046875,0.8581527539280915,5.3350144641853445,US-Kon
1,1.4830224609375002,1.1483964843749999,0.9217398560593113,7.808885756798526,US-Mpj
2,1.5784453125000004,1.1483964843749999,0.9205562099870601,11.376214942672728,US-Mpj
3,1.4286357421875002,1.1483964843749999,0.982968154620097,9.09129304522864,US-Mpj
4,1.3650205078125,1.1483964843749999,0.9395907336773308,10.934070484310816,US-Mpj
5,1.2870703125,1.1483964843749999,0.9719330916890924,13.00587045682742,US-Mpj
6,1.1183115234374998,1.1483964843749999,0.9718879658852893,13.261669818187169,US-Mpj
7,1.0785058593749997,1.1483964843749999,0.9624446898733532,13.928457379806899,US-Mpj
8,1.0752451171875,1.1483964843749999,0.9694388548983199,12.118843335051928,US-Mpj
9,1.1330771484374997,1.1483964843749999,0.9701290008881448,9.818025471703198,US-Mpj
10,1.1881406249999997,1.1483964843749999,0.9591596344141473,10.585193258555972,US-Mpj
11,1.4634580078125001,1.1483964843749999,0.9637658838856598,6.568755368236625,US-Mpj
12,1.8370898437500012,1.1483964843749999,0.9469811983028362,9.08413753204087,US-Mpj
1,1.5348251953125005,1.2835634765625001,0.9717553020309597,16.58358838899857,US-NC4
2,1.9333125000000015,1.2835634765625001,0.9714907566791381,16.995593686973365,US-NC4
3,1.5940107421875007,1.2835634765625001,0.9771996336476138,17.126611111333297,US-NC4
4,1.4057490234375005,1.2835634765625001,0.9836485104992582,14.064635418387999,US-NC4
5,1.3145712890625,1.2835634765625001,0.9891174491539636,13.025479472481912,US-NC4
6,1.2708896484375,1.2835634765625001,0.9922780006892544,14.482872363984242,US-NC4
7,1.24228125,1.2835634765625001,0.9955032857446808,10.079638262288045,US-NC4
8,1.2480029296875,1.2835634765625001,0.9956781127118554,9.338300226293047,US-NC4
9,1.2678134765625,1.2835634765625001,0.9957094130716082,8.902376388924434,US-NC4
10,1.3351816406250003,1.2835634765625001,0.987516506406493,10.213308381175684,US-NC4
11,1.5137841796875007,1.2835634765625001,0.9961065513501729,7.544964990680419,US-NC4
12,1.8176484375000013,1.2835634765625001,0.985101776766763,9.69547484960204,US-NC4
1,2.831616210937505,1.2769189453125,0.910501645213414,2.9837510540545313,US-Ro1
2,2.2412373046875027,1.2769189453125,0.9183095810987456,5.306034978768966,US-Ro1
3,1.669438476562501,1.2769189453125,0.9448070582273437,11.90397863092502,US-Ro1
4,1.6202812500000006,1.2769189453125,0.9378804039911263,11.560568542193229,US-Ro1
5,1.4505996093750004,1.2769189453125,0.9757642041488382,8.386630284599175,US-Ro1
6,1.2850400390624999,1.2769189453125,0.9869498825482779,10.338299942710401,US-Ro1
7,1.2534785156250001,1.2769189453125,0.9949139482890644,10.543929527396632,US-Ro1
8,1.289408203125,1.2769189453125,0.9920871988146501,10.925841873410857,US-Ro1
9,1.322384765625,1.2769189453125,0.9816278452884006,8.038629614334322,US-Ro1
10,1.4718251953125003,1.2769189453125,0.9860789696914388,6.182631816258513,US-Ro1
11,2.0605429687500023,1.2769189453125,0.9295931219608985,5.9696609497575315,US-Ro1
12,2.2574179687500027,1.2769189453125,0.929609436854477,4.405564567745032,US-Ro1
2,3.257789062500006,1.4750244140625002,0.6296668127417161,1.7068028678941671,US-Rpf
3,2.425746093750003,1.4750244140625002,0.8115284990916796,3.7859266888288126,US-Rpf
4,1.771382812500001,1.4750244140625002,0.9705098307809256,2.751446829819216,US-Rpf
5,1.5095390625000005,1.4750244140625002,0.946327856929857,6.826965896699473,US-Rpf
6,1.4688105468750003,1.4750244140625002,0.9706341125297722,7.531117857266208,US-Rpf
7,1.4210068359375003,1.4750244140625002,0.9759565724433977,6.658881497390933,US-Rpf
8,1.5000029296875006,1.4750244140625002,0.9756978618388298,6.0965559072305755,US-Rpf
9,1.5886582031250003,1.4750244140625002,0.9329753119913807,4.930578261880941,US-Rpf
10,2.010770507812502,1.4750244140625002,0.8981130575574918,3.1938711715630284,US-Rpf
11,3.1725791015625058,1.4750244140625002,0.7452715934617282,1.5084543418947212,US-Rpf
12,3.6768251953125084,1.4750244140625002,0.8547746329856662,1.3299153681101012,US-Rpf
1,1.5157529296875003,1.0893339843749998,0.9544365181569259,9.138252419265187,US-Seg
2,1.6690078125000007,1.0893339843749998,0.965150440510036,6.485303584931497,US-Seg
3,1.4246367187500004,1.0893339843749998,0.9794013525555978,7.2901714078928315,US-Seg
4,1.3164169921875004,1.0893339843749998,0.9589049140346495,8.350568688681317,US-Seg
5,1.23317578125,1.0893339843749998,0.9688867507613322,10.322056782819766,US-Seg
6,1.1001005859375002,1.0893339843749998,0.9754235306074001,10.004238877326813,US-Seg
7,1.0393154296875,1.0893339843749998,0.9652451244603784,17.429579596240423,US-Seg
8,1.04368359375,1.0893339843749998,0.974500137449968,11.940601300049194,US-Seg
9,1.1103134765624998,1.0893339843749998,0.9695436361085431,9.851340238391227,US-Seg
10,1.1992148437499996,1.0893339843749998,0.9643074878185924,9.219707390518161,US-Seg
11,1.4602587890625003,1.0893339843749998,0.9395608083917377,7.290112245538202,US-Seg
12,1.5691552734375005,1.0893339843749998,0.9518760480482058,8.170277468984922,US-Seg
1,1.4908974609375005,1.0678007812499999,0.9463529858188381,5.474835961436073,US-Ses
2,1.4635195312500002,1.0678007812499999,0.9683807471630138,4.868161199916539,US-Ses
3,1.3332744140625001,1.0678007812499999,0.9539727176059313,12.146908840939435,US-Ses
4,1.2509560546874998,1.0678007812499999,0.9495577701955769,12.695402146853704,US-Ses
5,1.1813115234375,1.0678007812499999,0.9661946081867733,11.85676732865412,US-Ses
6,1.0217197265624995,1.0678007812499999,0.9675958597488978,14.149010874446933,US-Ses
7,1.0598027343749996,1.0678007812499999,0.9647971085709945,16.692788784335786,US-Ses
8,0.9970488281249998,1.0678007812499999,0.9758735316086545,12.524677893886517,US-Ses
9,1.0733994140624996,1.0678007812499999,0.9678947292958209,10.923876740945207,US-Ses
10,1.0873037109375,1.0678007812499999,0.9548819102857966,13.405268651101686,US-Ses
11,1.2961142578125,1.0678007812499999,0.9686701176797842,8.566282273182871,US-Ses
12,1.4379257812500001,1.0678007812499999,0.9547894901810883,8.490121174762637,US-Ses
1,1.9840078125000016,1.4152851562500004,0.934076985446848,25.229284282552875,US-Vcm
2,1.9621669921875018,1.4152851562500004,0.9609785284749872,25.64600168084548,US-Vcm
3,1.9084570312500015,1.4152851562500004,0.9521738207153148,10.885765315651264,US-Vcm
4,1.6340009765625005,1.4152851562500004,0.9662301500002681,13.873244667270017,US-Vcm
5,1.5830595703125003,1.4152851562500004,0.9664629502200178,18.09929416541633,US-Vcm
6,1.3226923828125,1.4152851562500004,0.9810354566274233,12.277610661092773,US-Vcm
7,1.265783203125,1.4152851562500004,0.9880091118313223,10.459374539104765,US-Vcm
8,1.2782109375,1.4152851562500004,0.9878289110979963,11.170036637617606,US-Vcm
9,1.3894453125000004,1.4152851562500004,0.9875986829229746,9.822059643188032,US-Vcm
10,1.6274179687500006,1.4152851562500004,0.9651345238183096,13.939988057618681,US-Vcm
11,2.1313564453125027,1.4152851562500004,0.953985124652152,16.620108938254738,US-Vcm
12,2.3386289062500034,1.4152851562500004,0.9031391392060292,25.990005387896023,US-Vcm
1,2.0703867187500022,1.3050351562500002,0.9653087293089706,13.9898757781998,US-Vcp
2,2.061588867187502,1.3050351562500002,0.973176684703238,14.300965491147611,US-Vcp
3,1.7967304687500016,1.3050351562500002,0.9644780269386485,14.261336176344388,US-Vcp
4,1.5827519531250005,1.3050351562500002,0.9444450520318618,19.23771190927183,US-Vcp
5,1.4414941406250004,1.3050351562500002,0.9570692172485792,17.52819831763216,US-Vcp
6,1.2742119140624997,1.3050351562500002,0.9819920147893402,10.92742291347464,US-Vcp
7,1.2308994140624998,1.3050351562500002,0.98227677447603,14.022243908418472,US-Vcp
8,1.237236328125,1.3050351562500002,0.9837455517917786,11.549857577207899,US-Vcp
9,1.3004824218750002,1.3050351562500002,0.9870575000596934,12.423263093054548,US-Vcp
10,1.4097480468750003,1.3050351562500002,0.9692910858281625,13.000885631361221,US-Vcp
11,1.8533320312500012,1.3050351562500002,0.964693762568834,12.319245849948075,US-Vcp
12,2.090566406250003,1.3050351562500002,0.9709297003505354,11.875910802175635,US-Vcp
1,1.6081611328125005,1.1055146484374996,0.9469744294896373,5.911785570164129,US-Wjs
2,1.5615263671875006,1.1055146484374996,0.9485876742544272,6.053063786732926,US-Wjs
3,1.4142392578125,1.1055146484374996,0.9429551040748309,6.8937255268258735,US-Wjs
4,1.35130078125,1.1055146484374996,0.9736075230275444,8.564275723241298,US-Wjs
5,1.2977753906250002,1.1055146484374996,0.9733410684893211,8.874416336669237,US-Wjs
6,1.1483964843749999,1.1055146484374996,0.9837322490429375,10.08470493880499,US-Wjs
7,1.0906259765625,1.1055146484374996,0.9642033600214026,16.65171626710934,US-Wjs
8,1.0423916015624997,1.1055146484374996,0.9764382637068921,13.526494603518746,US-Wjs
9,1.1394755859375003,1.1055146484374996,0.9676358278465418,11.22473189685263,US-Wjs
10,1.2078896484375,1.1055146484374996,0.9658838420487159,9.076219006717617,US-Wjs
11,1.422052734375,1.1055146484374996,0.965799005103141,7.327920276627785,US-Wjs
12,1.738160156250001,1.1055146484374996,0.9279774940307338,12.664618525691582,US-Wjs
